block,time_s,raw_az_N,raw_az_S,raw_az_E,raw_az_W,raw_el_N,raw_el_S,raw_el_E,raw_el_W,smooth_az_N,smooth_az_S,smooth_az_E,smooth_az_W,smooth_el_N,smooth_el_S,smooth_el_E,smooth_el_W,centroid_x_m,centroid_y_m,dist_N_m,dist_S_m,dist_E_m,dist_W_m,mean_dist_m
0,57.000,-102.0,-138.0,-146.0,-118.0,15.0,16.0,16.0,12.0,-102.0,-138.0,-146.0,-118.0,15.0,16.0,16.0,12.0,-496.321,-734.976,761.940,709.850,771.980,712.044,738.953
1,57.100,-102.0,-138.0,-146.0,-118.0,15.0,16.0,16.0,11.0,-102.0,-138.0,-146.0,-118.0,15.0,16.0,16.0,11.5,-500.413,-740.833,767.656,715.533,777.702,717.728,744.655
2,57.200,-106.0,-138.0,-146.0,-118.0,16.0,16.0,16.0,11.0,-103.3,-138.0,-146.0,-118.0,15.3,16.0,16.0,11.3,-494.689,-741.562,765.570,713.272,775.481,715.716,742.509
3,57.300,-106.0,-138.0,-146.0,-120.0,16.0,16.0,16.0,10.0,-104.0,-138.0,-146.0,-118.5,15.5,16.0,16.0,11.0,-492.537,-746.215,767.705,715.235,777.504,717.895,744.585
4,57.400,-103.0,-138.0,-146.0,-117.0,16.0,16.0,16.0,10.0,-103.8,-138.0,-146.0,-118.2,15.6,16.0,16.0,10.8,-495.150,-746.517,769.068,716.661,778.919,719.224,745.968
5,57.500,-103.0,-138.0,-146.0,-115.0,16.0,17.0,16.0,12.0,-103.7,-138.0,-146.0,-117.7,15.7,16.2,16.0,11.0,-493.768,-739.941,764.082,711.799,773.996,714.235,741.028
6,57.600,-103.0,-138.0,-143.0,-118.0,16.0,16.0,16.0,11.0,-103.6,-138.0,-145.6,-117.7,15.7,16.1,16.0,11.0,-495.071,-738.542,763.738,711.525,773.700,713.869,740.708
7,57.700,-102.0,-138.0,-146.0,-118.0,15.0,16.0,16.0,11.0,-103.4,-138.0,-145.6,-117.8,15.6,16.1,16.0,11.0,-496.233,-739.590,764.953,712.746,774.926,715.073,741.925
8,57.800,-102.0,-138.0,-146.0,-120.0,15.0,16.0,16.0,12.0,-103.2,-138.0,-145.7,-118.0,15.6,16.1,16.0,11.1,-495.442,-739.491,764.533,712.307,774.490,714.662,741.498
9,57.900,-106.0,-138.0,-146.0,-118.0,13.0,16.0,16.0,13.0,-103.5,-138.0,-145.7,-118.0,15.3,16.1,16.0,11.3,-494.982,-741.064,765.370,713.093,775.295,715.511,742.317
10,58.000,-104.0,-139.0,-146.0,-116.0,14.0,16.0,16.0,12.0,-103.7,-138.1,-145.7,-117.8,15.2,16.1,16.0,11.3,-495.524,-742.515,766.575,714.277,776.491,716.714,743.514
11,58.100,-106.0,-139.0,-143.0,-118.0,16.0,16.0,16.0,12.0,-104.1,-138.2,-145.4,-117.8,15.3,16.1,16.0,11.4,-493.217,-740.368,764.119,711.811,774.015,714.280,741.056
12,58.200,-107.0,-138.0,-143.0,-120.0,14.0,16.0,16.0,13.0,-104.2,-138.2,-145.1,-118.0,15.1,16.1,16.0,11.6,-493.193,-740.487,764.188,711.876,774.082,714.350,741.124
13,58.300,-107.0,-139.0,-144.0,-119.0,14.0,15.0,17.0,11.0,-104.3,-138.3,-144.9,-117.9,14.9,16.0,16.1,11.7,-494.170,-741.421,765.244,712.936,775.146,715.397,742.181
14,58.400,-107.0,-138.0,-144.0,-117.0,14.0,16.0,17.0,10.0,-104.7,-138.3,-144.7,-117.9,14.7,16.0,16.2,11.7,-494.278,-743.299,766.540,714.188,776.418,716.697,743.460
15,58.500,-109.0,-139.0,-146.0,-118.0,13.0,16.0,16.0,11.0,-105.3,-138.4,-144.7,-118.2,14.4,15.9,16.2,11.6,-495.198,-751.890,772.668,720.133,782.445,722.842,749.522
16,58.600,-107.0,-138.0,-146.0,-118.0,14.0,16.0,16.0,12.0,-105.7,-138.4,-145.0,-118.2,14.2,15.9,16.2,11.7,-493.837,-755.200,774.275,721.625,783.977,724.479,751.089
17,58.700,-107.0,-139.0,-146.0,-120.0,15.0,16.0,16.0,11.0,-106.2,-138.5,-145.0,-118.4,14.2,15.9,16.2,11.7,-491.164,-756.902,774.238,721.476,783.858,724.483,751.014
18,58.800,-108.0,-138.0,-146.0,-117.0,16.0,16.0,16.0,12.0,-106.8,-138.5,-145.0,-118.1,14.3,15.9,16.2,11.7,-489.068,-756.028,772.734,719.937,782.320,723.004,749.499
19,58.900,-108.0,-138.0,-146.0,-120.0,16.0,16.0,16.0,12.0,-107.0,-138.5,-145.0,-118.3,14.6,15.9,16.2,11.6,-486.033,-753.666,769.823,717.000,779.376,720.125,746.581
20,59.000,-106.0,-138.0,-146.0,-120.0,16.0,16.0,16.0,11.0,-107.2,-138.4,-145.0,-118.7,14.8,15.9,16.2,11.5,-483.582,-753.102,768.375,715.500,777.882,718.709,745.117
21,59.100,-106.0,-138.0,-146.0,-121.0,16.0,16.0,14.0,11.0,-107.2,-138.3,-145.3,-119.0,14.8,15.9,16.0,11.4,-484.625,-757.980,772.108,719.147,781.570,722.445,748.817
22,59.200,-107.0,-138.0,-146.0,-121.0,15.0,16.0,16.0,11.0,-107.2,-138.3,-145.6,-119.1,14.9,15.9,16.0,11.2,-484.243,-760.001,773.302,720.285,782.729,723.652,749.992
23,59.300,-110.0,-141.0,-145.0,-118.0,14.0,15.0,14.0,11.0,-107.5,-138.5,-145.7,-119.0,14.9,15.9,15.7,11.2,-485.423,-764.923,777.130,724.031,786.515,727.482,753.789
24,59.400,-110.0,-140.0,-146.0,-118.0,14.0,16.0,16.0,11.0,-107.8,-138.7,-145.9,-119.1,14.9,15.9,15.6,11.3,-482.947,-766.664,777.238,724.035,786.545,727.632,753.863
25,59.500,-110.0,-138.0,-145.0,-121.0,14.0,16.0,14.0,11.0,-107.9,-138.6,-145.8,-119.4,15.0,15.9,15.4,11.3,-483.425,-768.434,778.641,725.410,787.934,729.034,755.255
26,59.600,-110.0,-141.0,-146.0,-119.0,14.0,15.0,15.0,11.0,-108.2,-138.9,-145.8,-119.5,15.0,15.8,15.3,11.2,-483.749,-773.516,782.219,728.885,791.452,732.628,758.796
27,59.700,-110.0,-141.0,-146.0,-122.0,14.0,15.0,16.0,11.0,-108.5,-139.1,-145.8,-119.7,14.9,15.7,15.3,11.2,-482.958,-777.346,784.480,731.041,793.644,734.915,761.020
28,59.800,-109.0,-141.0,-146.0,-118.0,13.0,15.0,16.0,11.0,-108.6,-139.4,-145.8,-119.8,14.6,15.6,15.3,11.1,-485.284,-784.984,790.660,737.115,799.773,741.093,767.160
29,59.900,-109.0,-141.0,-146.0,-122.0,13.0,15.0,16.0,12.0,-108.7,-139.7,-145.8,-120.0,14.3,15.5,15.3,11.1,-486.511,-791.745,795.784,742.126,804.835,746.228,772.243
30,60.000,-110.0,-141.0,-146.0,-122.0,15.0,15.0,16.0,10.0,-109.1,-140.0,-145.8,-120.2,14.2,15.4,15.3,11.0,-485.889,-797.488,799.442,745.648,808.405,749.919,775.853
31,60.100,-108.0,-141.0,-151.0,-117.0,16.0,15.0,17.0,12.0,-109.3,-140.3,-146.3,-119.8,14.2,15.3,15.6,11.1,-480.865,-794.427,795.242,741.386,804.135,745.777,771.635
32,60.200,-108.0,-140.0,-148.0,-120.0,16.0,16.0,18.0,11.0,-109.4,-140.5,-146.5,-119.7,14.3,15.3,15.8,11.1,-476.902,-791.019,791.254,737.368,800.104,741.832,767.639
33,60.300,-109.0,-140.0,-146.0,-121.0,16.0,16.0,16.0,11.0,-109.3,-140.4,-146.6,-120.0,14.5,15.4,16.0,11.1,-472.173,-784.734,784.979,731.106,793.807,735.601,761.373
34,60.400,-106.0,-140.0,-146.0,-120.0,16.0,16.0,16.0,12.0,-108.9,-140.4,-146.6,-120.2,14.7,15.4,16.0,11.2,-470.561,-780.173,781.185,727.367,790.037,731.811,757.600
35,60.500,-108.0,-141.0,-145.0,-120.0,16.0,15.0,14.0,12.0,-108.7,-140.7,-146.6,-120.1,14.9,15.3,16.0,11.3,-469.043,-777.161,778.492,724.699,787.350,729.128,754.917
36,60.600,-109.0,-141.0,-145.0,-122.0,16.0,15.0,14.0,13.0,-108.6,-140.7,-146.5,-120.4,15.1,15.3,15.9,11.5,-466.541,-773.397,774.874,721.098,783.726,725.532,751.307
37,60.700,-110.0,-141.0,-146.0,-122.0,14.0,15.0,16.0,12.0,-108.6,-140.7,-146.5,-120.4,15.1,15.3,15.9,11.6,-465.753,-772.162,773.702,719.931,782.552,724.366,750.138
38,60.800,-112.0,-140.0,-147.0,-121.0,15.0,16.0,13.0,13.0,-108.9,-140.6,-146.6,-120.7,15.3,15.4,15.6,11.8,-462.815,-771.122,771.769,717.946,780.568,722.474,748.189
39,60.900,-106.0,-143.0,-146.0,-121.0,16.0,15.0,15.0,12.0,-108.6,-140.8,-146.6,-120.6,15.6,15.4,15.5,11.8,-462.365,-768.217,769.594,715.822,778.421,720.293,746.033
40,61.000,-110.0,-142.0,-148.0,-124.0,14.0,16.0,14.0,12.0,-108.6,-140.9,-146.8,-120.8,15.5,15.5,15.3,12.0,-461.184,-769.885,770.247,716.408,779.025,720.971,746.663
41,61.100,-110.0,-141.0,-171.0,-123.0,14.0,15.0,10.0,12.0,-108.8,-140.9,-148.8,-121.4,15.3,15.5,14.6,12.0,-459.933,-789.329,783.107,728.831,791.601,733.934,759.368
42,61.200,-110.0,-141.0,-147.0,-121.0,14.0,15.0,13.0,13.0,-109.0,-141.0,-148.7,-121.5,15.1,15.4,14.1,12.2,-464.984,-799.680,792.312,737.954,800.787,743.107,768.540
43,61.300,-110.0,-141.0,-148.0,-123.0,14.0,15.0,16.0,12.0,-109.1,-141.1,-148.9,-121.7,14.9,15.3,14.1,12.3,-464.433,-803.675,794.854,740.403,803.266,745.676,771.050
44,61.400,-110.0,-140.0,-150.0,-121.0,14.0,16.0,15.0,13.0,-109.5,-141.1,-149.3,-121.8,14.7,15.3,14.0,12.4,-463.085,-809.045,798.037,743.449,806.351,748.904,774.185
45,61.500,-109.0,-142.0,-134.0,-121.0,13.0,16.0,40.0,13.0,-109.6,-141.2,-148.2,-121.9,14.4,15.4,16.6,12.5,-442.803,-771.069,763.569,709.237,771.909,714.590,739.826
46,61.600,-109.0,-141.0,163.0,-122.0,13.0,15.0,13.0,13.0,-109.6,-141.2,-117.4,-121.9,14.1,15.4,16.5,12.5,-522.638,-690.607,745.491,695.359,756.747,695.185,723.196
47,61.700,-112.0,-140.0,-148.0,-122.0,15.0,16.0,17.0,13.0,-109.8,-141.1,-117.6,-121.9,14.2,15.5,16.6,12.6,-518.388,-687.034,741.164,691.013,752.386,690.895,718.864
48,61.800,-109.0,-143.0,-149.0,-122.0,14.0,17.0,18.0,13.0,-109.5,-141.4,-117.8,-122.0,14.1,15.6,17.1,12.6,-511.802,-685.158,736.795,686.504,747.905,686.592,714.449
49,61.900,-110.0,-143.0,-110.0,-123.0,14.0,17.0,26.0,12.0,-109.9,-141.4,-114.2,-122.2,13.9,15.8,18.2,12.6,-502.590,-669.849,722.627,672.520,733.776,672.495,700.354
50,62.000,-110.0,-143.0,-151.0,-122.0,14.0,17.0,17.0,13.0,-109.9,-141.5,-114.5,-122.0,13.9,15.9,18.5,12.7,-497.934,-667.023,718.595,668.434,729.687,668.510,696.306
51,62.100,-110.0,-140.0,-149.0,-122.0,14.0,16.0,17.0,13.0,-109.9,-141.4,-112.3,-121.9,13.9,16.0,19.2,12.8,-492.718,-654.869,708.375,658.430,719.544,658.329,686.170
52,62.200,-110.0,-140.0,-148.0,-123.0,14.0,16.0,18.0,12.0,-109.9,-141.3,-112.4,-122.1,13.9,16.1,19.7,12.7,-487.426,-653.478,704.954,654.891,716.027,654.966,682.710
53,62.300,-110.0,-141.0,-151.0,-123.0,14.0,15.0,17.0,12.0,-109.9,-141.3,-112.7,-122.1,13.9,16.1,19.8,12.7,-486.141,-653.971,704.654,654.536,715.690,654.681,682.390
54,62.400,-110.0,-143.0,-148.0,-123.0,14.0,16.0,16.0,12.0,-109.9,-141.6,-112.5,-122.3,13.9,16.1,19.9,12.6,-484.614,-655.029,704.600,654.402,715.585,654.646,682.308
55,62.500,-108.0,-142.0,-150.0,-123.0,15.0,16.0,16.0,12.0,-109.8,-141.6,-114.1,-122.5,14.1,16.1,17.5,12.5,-506.730,-668.429,723.724,673.785,734.985,673.546,701.510
56,62.600,-110.0,-143.0,-149.0,-123.0,14.0,17.0,18.0,12.0,-109.9,-141.8,-145.3,-122.6,14.2,16.3,18.0,12.4,-432.239,-747.183,742.828,688.732,751.238,693.921,719.180
57,62.700,-110.0,-143.0,-147.0,-123.0,14.0,17.0,20.0,13.0,-109.7,-142.1,-145.2,-122.7,14.1,16.4,18.3,12.4,-430.160,-744.908,740.424,686.323,748.815,691.542,716.776
58,62.800,-110.0,-143.0,-150.0,-123.0,14.0,17.0,20.0,13.0,-109.8,-142.1,-145.3,-122.8,14.1,16.4,18.5,12.4,-427.836,-743.566,738.566,684.434,746.919,689.718,714.909
59,62.900,-68.0,-143.0,-149.0,-124.0,21.0,17.0,20.0,13.0,-105.6,-142.1,-149.2,-122.9,14.8,16.4,17.9,12.5,-429.018,-737.254,734.694,680.732,743.162,685.799,711.097
60,63.000,-110.0,-143.0,-149.0,-124.0,14.0,17.0,19.0,13.0,-105.6,-142.1,-149.0,-123.1,14.8,16.4,18.1,12.5,-427.687,-735.153,732.712,678.762,741.177,683.831,709.120
61,63.100,-110.0,-142.0,-149.0,-124.0,14.0,16.0,18.0,13.0,-105.6,-142.3,-149.0,-123.3,14.8,16.4,18.2,12.5,-425.857,-734.825,731.749,677.757,740.174,682.898,708.144
62,63.200,-110.0,-143.0,-151.0,-125.0,14.0,17.0,17.0,12.0,-105.6,-142.6,-149.3,-123.5,14.8,16.5,18.1,12.5,-423.558,-736.252,731.808,677.725,740.158,683.003,708.174
63,63.300,-112.0,-143.0,-149.0,-125.0,15.0,17.0,18.0,12.0,-105.8,-142.8,-149.1,-123.7,14.9,16.7,18.2,12.5,-419.643,-732.601,727.726,673.621,736.031,678.974,704.088
64,63.400,-110.0,-143.0,-151.0,-125.0,14.0,17.0,17.0,12.0,-105.8,-142.8,-149.4,-123.9,14.9,16.8,18.3,12.5,-416.965,-731.488,725.892,671.741,734.146,677.183,702.240
65,63.500,-112.0,-143.0,-148.0,-125.0,15.0,17.0,18.0,13.0,-106.2,-142.9,-149.2,-124.1,14.9,16.9,18.5,12.6,-412.858,-728.351,722.097,667.908,730.293,673.448,698.437
66,63.600,-113.0,-143.0,-149.0,-125.0,16.0,17.0,18.0,12.0,-106.5,-142.9,-149.2,-124.3,15.1,16.9,18.5,12.6,-409.631,-726.590,719.606,665.371,727.746,671.008,695.932
67,63.700,-111.0,-143.0,-151.0,-125.0,17.0,17.0,17.0,12.0,-106.6,-142.9,-149.6,-124.5,15.4,16.9,18.2,12.5,-407.705,-728.064,719.870,665.552,727.942,671.314,696.169
68,63.800,-111.0,-143.0,-149.0,-127.0,17.0,17.0,18.0,12.0,-106.7,-142.9,-149.5,-124.9,15.7,16.9,18.0,12.4,-406.092,-728.195,719.330,664.968,727.360,670.805,695.616
69,63.900,-111.0,-143.0,-149.0,-125.0,17.0,17.0,18.0,13.0,-111.0,-142.9,-149.5,-125.0,15.3,16.9,17.8,12.4,-395.519,-743.418,725.896,670.941,733.457,677.641,701.984
70,64.000,-111.0,-143.0,-150.0,-126.0,17.0,17.0,20.0,13.0,-111.1,-142.9,-149.6,-125.2,15.6,16.9,17.9,12.4,-391.654,-739.029,721.361,666.399,728.882,673.162,697.451
71,64.100,-113.0,-143.0,-152.0,-126.0,16.0,17.0,18.0,13.0,-111.4,-143.0,-149.9,-125.4,15.8,17.0,17.9,12.4,-387.047,-737.004,718.215,663.179,725.646,670.098,694.284
72,64.200,-112.0,-143.0,-151.0,-126.0,15.0,17.0,17.0,13.0,-111.6,-143.0,-149.9,-125.5,15.9,17.0,17.9,12.5,-384.851,-735.051,716.024,660.972,723.424,667.942,692.091
73,64.300,-113.0,-143.0,-151.0,-128.0,16.0,17.0,17.0,13.0,-111.7,-143.0,-150.1,-125.8,16.0,17.0,17.8,12.6,-382.438,-734.719,714.895,659.790,722.238,666.861,690.946
74,64.400,-112.0,-143.0,-151.0,-128.0,15.0,17.0,17.0,13.0,-111.9,-143.0,-150.1,-126.1,16.1,17.0,17.8,12.7,-379.673,-733.123,712.750,657.609,720.043,664.766,688.792
75,64.500,-111.0,-143.0,-149.0,-126.0,17.0,17.0,15.0,14.0,-111.8,-143.0,-150.2,-126.2,16.3,17.0,17.5,12.8,-379.638,-733.031,712.672,657.531,719.965,664.688,688.714
76,64.600,-113.0,-143.0,-150.0,-126.0,18.0,17.0,15.0,14.0,-111.8,-143.0,-150.3,-126.3,16.5,17.0,17.2,13.0,-378.813,-732.181,711.769,656.625,719.052,663.798,687.811
77,64.700,-115.0,-143.0,-152.0,-126.0,19.0,17.0,15.0,14.0,-112.2,-143.0,-150.4,-126.4,16.7,17.0,17.0,13.2,-376.134,-730.960,709.924,654.738,717.153,662.003,685.955
78,64.800,-114.0,-143.0,-151.0,-128.0,18.0,17.0,17.0,13.0,-112.5,-143.0,-150.6,-126.5,16.8,17.0,16.9,13.3,-373.893,-730.904,709.065,653.824,716.237,661.191,685.079
79,64.900,-117.0,-143.0,-153.0,-128.0,18.0,17.0,16.0,13.0,-113.1,-143.0,-151.0,-126.8,16.9,17.0,16.7,13.3,-370.725,-734.277,710.302,654.915,717.347,662.512,686.269
80,65.000,-117.0,-143.0,-152.0,-129.0,17.0,17.0,15.0,14.0,-113.7,-143.0,-151.2,-127.1,16.9,17.0,16.2,13.4,-370.439,-741.312,715.189,659.657,722.135,667.438,691.105
81,65.100,-116.0,-143.0,-153.0,-128.0,17.0,17.0,16.0,13.0,-114.0,-143.0,-151.3,-127.3,17.0,17.0,16.0,13.4,-369.601,-743.764,716.632,661.033,723.525,668.911,692.525
82,65.200,-116.0,-143.0,-153.0,-126.0,17.0,17.0,16.0,14.0,-114.4,-143.0,-151.5,-127.3,17.2,17.0,15.9,13.5,-366.990,-742.761,714.990,659.346,721.827,667.320,690.871
83,65.300,-119.0,-143.0,-153.0,-126.0,17.0,17.0,16.0,14.0,-115.0,-143.0,-151.7,-127.1,17.3,17.0,15.8,13.6,-364.852,-742.882,714.318,658.621,721.099,666.696,690.184
84,65.400,-118.0,-143.0,-153.0,-126.0,17.0,17.0,16.0,14.0,-115.6,-143.0,-151.9,-126.9,17.5,17.0,15.7,13.7,-362.302,-741.930,712.741,657.001,719.466,665.171,688.595
85,65.500,-116.0,-145.0,-153.0,-129.0,17.0,17.0,16.0,14.0,-116.1,-143.2,-152.3,-127.2,17.5,17.0,15.8,13.7,-357.126,-742.647,711.444,655.568,718.024,663.993,687.257
86,65.600,-116.0,-145.0,-151.0,-126.0,17.0,17.0,17.0,14.0,-116.4,-143.4,-152.4,-127.2,17.4,17.0,16.0,13.7,-354.173,-741.816,709.827,653.897,716.339,662.439,685.626
87,65.700,-116.0,-145.0,153.0,-126.0,17.0,17.0,38.0,14.0,-116.5,-143.6,-121.9,-127.2,17.2,17.0,18.3,13.7,-412.242,-646.091,666.031,613.902,675.422,617.088,643.111
88,65.800,-117.0,-143.0,-149.0,-126.0,17.0,17.0,15.0,16.0,-116.8,-143.6,-121.7,-127.0,17.1,17.0,18.1,14.0,-413.235,-644.918,665.678,613.613,675.112,616.715,642.779
89,65.900,-116.0,-145.0,152.0,-128.0,17.0,17.0,10.0,13.0,-116.7,-143.8,-91.2,-127.0,17.0,17.0,17.5,14.0,-448.227,-546.699,619.497,571.980,631.485,569.929,598.223
90,66.000,-118.0,-146.0,151.0,-127.0,18.0,18.0,40.0,14.0,-116.8,-144.1,-60.9,-126.8,17.1,17.1,20.0,14.0,-394.678,-456.270,538.893,493.618,551.283,490.275,518.517
91,66.100,-120.0,-148.0,141.0,-126.0,19.0,18.0,44.0,14.0,-117.2,-144.6,-31.5,-126.6,17.3,17.2,22.8,14.1,-315.931,-410.965,474.106,428.225,485.104,427.170,453.651
92,66.200,-120.0,-146.0,-155.0,-127.0,17.0,18.0,15.0,14.0,-117.6,-144.9,-31.7,-126.7,17.3,17.3,22.7,14.1,-313.868,-410.680,472.988,427.040,483.923,426.102,452.513
93,66.300,-120.0,-147.0,-153.0,-128.0,17.0,18.0,16.0,15.0,-117.7,-145.3,-31.7,-126.9,17.3,17.4,22.7,14.2,-310.883,-409.760,471.074,425.059,481.929,424.264,450.581
94,66.400,-121.0,-147.0,-154.0,-129.0,17.0,18.0,17.0,14.0,-118.0,-145.7,-31.8,-127.2,17.3,17.5,22.8,14.2,-307.305,-410.963,470.167,423.939,480.873,423.435,449.603
95,66.500,-119.0,-146.0,-154.0,-126.0,17.0,19.0,16.0,14.0,-118.3,-145.8,-31.9,-126.9,17.3,17.7,22.8,14.2,-306.211,-409.307,468.681,422.505,479.387,421.987,448.140
96,66.600,-120.0,-146.0,-154.0,-129.0,19.0,19.0,17.0,14.0,-118.7,-145.9,-32.2,-127.2,17.5,17.9,22.8,14.2,-302.810,-406.666,465.567,419.409,476.215,418.974,445.041
97,66.700,-120.0,-148.0,168.0,-126.0,18.0,18.0,35.0,14.0,-119.1,-146.2,-30.7,-127.2,17.6,18.0,22.5,14.2,-297.669,-401.489,460.163,414.104,470.749,413.737,439.688
98,66.800,-119.0,-147.0,159.0,-131.0,17.0,19.0,36.0,13.0,-119.3,-146.6,0.1,-127.7,17.6,18.2,24.6,13.9,-216.775,-399.206,426.279,377.245,433.754,382.580,404.964
99,66.900,-119.0,-148.0,156.0,-129.0,17.0,18.0,43.0,14.0,-119.6,-146.9,0.5,-127.8,17.6,18.3,27.9,14.0,-213.390,-417.387,436.899,386.790,443.853,393.230,415.193
100,67.000,-119.0,-148.0,166.0,-130.0,17.0,18.0,50.0,14.0,-119.7,-147.1,2.0,-128.1,17.5,18.3,28.9,14.0,-209.168,-424.369,440.084,389.491,446.720,396.560,418.214
101,67.100,-122.0,-149.0,-155.0,-127.0,18.0,19.0,18.0,14.0,-119.9,-147.2,-27.6,-128.2,17.4,18.4,26.3,14.0,-270.789,-424.686,462.941,414.526,472.039,417.142,441.662
102,67.200,-121.0,-150.0,-157.0,-130.0,17.0,20.0,17.0,14.0,-120.0,-147.6,-27.8,-128.5,17.4,18.6,26.5,14.0,-267.589,-425.226,461.993,413.428,470.959,416.291,440.668
103,67.300,-121.0,-149.0,-157.0,-129.0,17.0,19.0,17.0,15.0,-120.1,-147.8,-28.2,-128.6,17.4,18.7,26.6,14.0,-266.573,-425.774,461.933,413.301,470.850,416.260,440.586
104,67.400,-123.0,-149.0,-158.0,-130.0,18.0,19.0,18.0,14.0,-120.3,-148.0,-28.6,-128.7,17.5,18.8,26.7,14.0,-264.901,-425.298,460.966,412.296,469.830,415.349,439.610
105,67.500,-123.0,-150.0,-162.0,-131.0,19.0,18.0,17.0,15.0,-120.7,-148.4,-29.4,-129.2,17.7,18.7,26.8,14.1,-261.666,-425.769,459.985,411.170,468.716,414.470,438.585
106,67.600,-121.0,-150.0,-157.0,-129.0,17.0,18.0,17.0,15.0,-120.8,-148.8,-29.7,-129.2,17.5,18.6,26.8,14.2,-261.442,-428.732,461.779,412.803,470.439,416.259,440.320
107,67.700,-124.0,-150.0,-158.0,-131.0,17.0,18.0,18.0,15.0,-121.2,-149.0,-62.3,-129.7,17.4,18.6,25.1,14.3,-316.276,-474.812,513.500,464.335,523.152,466.300,491.822
108,67.800,-123.0,-150.0,-155.0,-132.0,19.0,18.0,18.0,16.0,-121.6,-149.3,-93.7,-129.8,17.6,18.5,23.3,14.6,-341.025,-543.123,567.965,516.891,577.102,520.178,545.534
109,67.900,-123.0,-150.0,-157.0,-131.0,19.0,20.0,17.0,15.0,-122.0,-149.5,-125.0,-130.0,17.8,18.7,20.7,14.7,-329.773,-626.494,619.825,565.819,627.247,572.513,596.351
110,68.000,-123.0,-152.0,-158.0,-131.0,19.0,19.0,19.0,15.0,-122.4,-149.9,-157.4,-130.1,18.0,18.8,17.6,14.8,-267.466,-714.875,663.085,605.721,667.467,617.866,638.535
111,68.100,-123.0,-150.0,-157.0,-132.0,19.0,19.0,20.0,15.0,-122.5,-150.0,-157.6,-130.6,18.1,18.8,17.8,14.9,-263.147,-711.614,659.477,602.080,663.765,614.376,634.924
112,68.200,-123.0,-151.0,-157.0,-133.0,18.0,20.0,20.0,16.0,-122.7,-150.1,-157.6,-130.9,18.2,18.8,18.1,15.1,-258.916,-705.932,654.112,596.724,658.336,609.119,629.573
113,68.300,-121.0,-152.0,-159.0,-134.0,17.0,19.0,19.0,15.0,-122.7,-150.4,-157.8,-131.4,18.2,18.8,18.3,15.1,-255.130,-704.898,652.316,594.871,656.436,607.438,627.765
114,68.400,-122.0,-152.0,-159.0,-134.0,18.0,19.0,19.0,14.0,-122.6,-150.7,-157.9,-131.8,18.2,18.8,18.4,15.1,-252.730,-704.643,651.481,593.993,655.530,606.679,626.921
115,68.500,-127.0,-153.0,-159.0,-134.0,18.0,19.0,19.0,14.0,-123.0,-151.0,-157.6,-132.1,18.1,18.9,18.6,15.0,-250.107,-704.213,650.461,592.929,654.434,605.741,625.891
116,68.600,-126.0,-153.0,-159.0,-134.0,18.0,19.0,19.0,15.0,-123.5,-151.3,-157.8,-132.6,18.2,19.0,18.8,15.0,-244.224,-701.737,647.073,589.468,650.890,602.534,622.491
117,68.700,-124.0,-153.0,-159.0,-137.0,19.0,19.0,19.0,15.0,-123.5,-151.6,-157.9,-133.2,18.4,19.1,18.9,15.0,-240.138,-698.874,643.884,586.249,647.605,599.470,619.302
118,68.800,-127.0,-153.0,-159.0,-137.0,20.0,19.0,19.0,15.0,-123.9,-151.9,-158.3,-133.7,18.5,19.2,19.0,14.9,-234.821,-698.571,642.301,584.571,645.857,598.063,617.698
119,68.900,-124.0,-153.0,-159.0,-137.0,19.0,19.0,19.0,15.0,-124.0,-152.2,-158.5,-134.3,18.5,19.1,19.2,14.9,-230.864,-698.617,641.342,583.540,644.773,597.240,616.724
120,69.000,-126.0,-153.0,-159.0,-137.0,18.0,19.0,19.0,15.0,-124.3,-152.3,-158.6,-134.9,18.4,19.1,19.2,14.9,-227.871,-700.665,642.132,584.245,645.446,598.140,617.491
121,69.100,-126.0,-153.0,-159.0,-137.0,18.0,19.0,19.0,15.0,-124.6,-152.6,-158.8,-135.4,18.3,19.1,19.1,14.9,-224.732,-703.939,643.818,585.827,646.999,599.947,619.148
122,69.200,-126.0,-154.0,-160.0,-137.0,18.0,19.0,18.0,15.0,-124.9,-152.9,-159.1,-135.8,18.3,19.0,18.9,14.8,-222.362,-709.031,647.070,588.962,650.122,603.299,622.363
123,69.300,-126.0,-155.0,-160.0,-140.0,18.0,19.0,19.0,14.0,-125.4,-153.2,-159.2,-136.4,18.4,19.0,18.9,14.7,-218.004,-710.257,646.966,588.768,649.868,603.352,622.238
124,69.400,-126.0,-155.0,-160.0,-140.0,18.0,19.0,18.0,14.0,-125.8,-153.5,-159.3,-137.0,18.4,19.0,18.8,14.7,-214.281,-712.492,647.789,589.499,650.550,604.315,623.038
125,69.500,-127.0,-158.0,-160.0,-140.0,18.0,19.0,19.0,14.0,-125.8,-154.0,-159.4,-137.6,18.4,19.0,18.8,14.7,-210.827,-713.601,647.841,589.481,650.482,604.494,623.074
126,69.600,-127.0,-156.0,-161.0,-140.0,19.0,19.0,19.0,14.0,-125.9,-154.3,-159.6,-138.2,18.5,19.0,18.8,14.6,-207.357,-714.638,647.850,589.421,650.370,604.631,623.068
127,69.700,-130.0,-158.0,-163.0,-140.0,19.0,19.0,19.0,14.0,-126.5,-154.8,-160.0,-138.5,18.5,19.0,18.8,14.5,-202.280,-717.178,648.662,590.123,650.996,605.636,623.854
128,69.800,-130.0,-158.0,-163.0,-140.0,19.0,19.0,19.0,14.0,-126.8,-155.3,-160.4,-138.8,18.4,19.0,18.8,14.4,-198.296,-720.555,650.374,591.732,652.549,607.505,625.540
129,69.900,-130.0,-158.0,-161.0,-141.0,19.0,18.0,20.0,13.0,-127.4,-155.8,-160.6,-139.2,18.4,18.9,18.9,14.2,-193.608,-723.749,651.826,593.076,653.822,609.139,626.966
130,70.000,-130.0,-158.0,-161.0,-141.0,19.0,19.0,20.0,14.0,-127.8,-156.3,-160.8,-139.6,18.5,18.9,19.0,14.1,-188.828,-723.890,650.963,592.147,652.805,608.456,626.092
131,70.100,-130.0,-158.0,-163.0,-141.0,19.0,19.0,19.0,14.0,-128.2,-156.8,-161.2,-140.0,18.6,18.9,19.0,14.0,-183.824,-725.284,651.035,592.136,652.705,608.722,626.150
132,70.200,-130.0,-159.0,-163.0,-143.0,19.0,19.0,19.0,14.0,-128.6,-157.3,-161.5,-140.6,18.7,18.9,19.1,13.9,-178.117,-725.663,650.227,591.251,651.709,608.133,625.330
133,70.300,-130.0,-159.0,-163.0,-143.0,19.0,19.0,19.0,14.0,-129.0,-157.7,-161.8,-140.9,18.8,18.9,19.1,13.9,-173.770,-725.675,649.422,590.394,650.764,607.496,624.519
134,70.400,-130.0,-159.0,-163.0,-143.0,20.0,19.0,19.0,14.0,-129.4,-158.1,-162.1,-141.2,19.0,18.9,19.2,13.9,-168.948,-723.651,646.990,587.929,648.192,605.249,622.090
135,70.500,-130.0,-159.0,-166.0,-145.0,19.0,19.0,20.0,15.0,-129.7,-158.2,-162.7,-141.7,19.1,18.9,19.3,14.0,-163.675,-721.701,644.555,585.457,645.601,603.019,619.658
136,70.600,-131.0,-160.0,-165.0,-146.0,18.0,18.0,18.0,14.0,-130.1,-158.6,-163.1,-142.3,19.0,18.8,19.2,14.0,-158.920,-725.809,646.888,587.692,647.747,605.552,621.970
137,70.700,-133.0,-160.0,-165.0,-146.0,20.0,18.0,18.0,14.0,-130.4,-158.8,-163.3,-142.9,19.1,18.7,19.1,14.0,-155.376,-727.560,647.641,588.388,648.370,606.450,622.712
138,70.800,-133.0,-160.0,-166.0,-147.0,20.0,19.0,19.0,15.0,-130.7,-159.0,-163.6,-143.6,19.2,18.7,19.1,14.1,-150.472,-726.431,645.969,586.680,646.546,604.977,621.043
139,70.900,-133.0,-160.0,-166.0,-147.0,20.0,19.0,19.0,15.0,-131.0,-159.2,-164.1,-144.2,19.3,18.8,19.0,14.3,-145.234,-724.511,643.658,584.342,644.077,602.880,618.739
140,71.000,-133.0,-161.0,-166.0,-147.0,20.0,20.0,19.0,15.0,-131.3,-159.5,-164.6,-144.8,19.4,18.9,18.9,14.4,-139.913,-723.731,642.240,582.885,642.489,601.684,617.324
141,71.100,-133.0,-161.0,-167.0,-147.0,20.0,20.0,20.0,15.0,-131.6,-159.8,-165.0,-145.4,19.5,19.0,19.0,14.5,-134.313,-720.713,639.080,579.711,639.164,598.758,614.178
142,71.200,-131.0,-161.0,-168.0,-148.0,19.0,20.0,20.0,14.0,-131.7,-160.0,-165.5,-145.9,19.5,19.1,19.1,14.5,-129.853,-719.587,637.571,578.179,637.514,597.440,612.676
143,71.300,-135.0,-163.0,-168.0,-149.0,20.0,19.0,20.0,14.0,-132.2,-160.4,-166.0,-146.5,19.6,19.1,19.2,14.5,-123.482,-718.641,635.963,576.533,635.699,596.108,611.076
144,71.400,-137.0,-163.0,-168.0,-149.0,19.0,20.0,20.0,14.0,-132.9,-160.8,-166.5,-147.1,19.5,19.2,19.3,14.5,-116.504,-718.700,635.097,575.620,634.598,595.550,610.216
145,71.500,-137.0,-163.0,-168.0,-149.0,19.0,19.0,20.0,14.0,-133.6,-161.2,-166.7,-147.5,19.5,19.2,19.3,14.4,-111.557,-720.412,635.811,576.286,635.135,596.484,610.929
146,71.600,-137.0,-163.0,-170.0,-152.0,19.0,19.0,19.0,15.0,-134.2,-161.5,-167.2,-148.1,19.6,19.3,19.4,14.5,-104.954,-717.364,632.665,573.135,631.784,593.636,607.805
147,71.700,-137.0,-164.0,-171.0,-152.0,19.0,19.0,20.0,14.0,-134.6,-161.9,-167.8,-148.7,19.5,19.4,19.6,14.5,-98.343,-716.291,631.095,571.545,629.996,592.369,606.251
148,71.800,-137.0,-164.0,-172.0,-152.0,19.0,19.0,19.0,14.0,-135.0,-162.3,-168.4,-149.2,19.4,19.4,19.6,14.4,-92.768,-719.089,632.689,573.087,631.385,594.218,607.845
149,71.900,-137.0,-164.0,-172.0,-152.0,19.0,19.0,19.0,15.0,-135.4,-162.7,-169.0,-149.7,19.3,19.4,19.6,14.4,-87.094,-720.798,633.463,573.825,631.958,595.254,608.625
150,72.000,-139.0,-166.0,-171.0,-152.0,20.0,20.0,20.0,14.0,-136.0,-163.2,-169.5,-150.2,19.3,19.4,19.7,14.3,-80.654,-721.549,633.460,573.796,631.732,595.551,608.635
151,72.100,-140.0,-166.0,-172.0,-152.0,19.0,20.0,20.0,14.0,-136.7,-163.7,-170.0,-150.7,19.2,19.4,19.7,14.2,-74.111,-724.234,635.005,575.302,633.043,597.401,610.188
152,72.200,-140.0,-166.0,-173.0,-152.0,19.0,19.0,19.0,15.0,-137.6,-164.2,-170.5,-151.1,19.2,19.3,19.6,14.3,-67.493,-725.596,635.559,575.835,633.368,598.268,610.757
153,72.300,-140.0,-166.0,-173.0,-154.0,20.0,19.0,19.0,15.0,-138.1,-164.5,-171.0,-151.6,19.2,19.3,19.5,14.4,-62.180,-725.995,635.497,575.766,633.123,598.460,610.712
154,72.400,-142.0,-167.0,-177.0,-154.0,19.0,20.0,19.0,15.0,-138.6,-164.9,-171.9,-152.1,19.2,19.3,19.4,14.5,-55.341,-726.621,635.550,575.813,632.942,598.843,610.787
155,72.500,-142.0,-168.0,-177.0,-154.0,19.0,19.0,19.0,15.0,-139.1,-165.4,-172.8,-152.6,19.2,19.3,19.3,14.6,-48.200,-727.233,635.627,575.891,632.775,599.269,610.890
156,72.600,-142.0,-168.0,-176.0,-156.0,19.0,19.0,19.0,14.0,-139.6,-165.9,-173.4,-153.0,19.2,19.3,19.3,14.5,-42.156,-728.669,636.456,576.717,633.395,600.391,611.740
157,72.700,-142.0,-168.0,-177.0,-156.0,19.0,20.0,19.0,14.0,-140.1,-166.3,-174.0,-153.4,19.2,19.4,19.2,14.5,-36.412,-729.177,636.610,576.879,633.353,600.828,611.917
158,72.800,-142.0,-170.0,-177.0,-158.0,19.0,19.0,19.0,15.0,-140.6,-166.9,-174.5,-154.0,19.2,19.4,19.2,14.6,-29.777,-728.410,635.768,576.065,632.289,600.324,611.112
159,72.900,-142.0,-170.0,-177.0,-158.0,19.0,19.0,19.0,15.0,-141.1,-167.5,-175.0,-154.6,19.2,19.4,19.2,14.6,-23.133,-728.619,635.742,576.062,632.037,600.633,611.118
160,73.000,-144.0,-170.0,-177.0,-158.0,19.0,19.0,19.0,15.0,-141.6,-167.9,-175.6,-155.2,19.1,19.3,19.1,14.7,-16.874,-730.642,637.194,577.523,633.274,602.393,612.596
161,73.100,-144.0,-170.0,-177.0,-158.0,19.0,19.0,19.0,15.0,-142.0,-168.3,-176.1,-155.8,19.1,19.2,19.0,14.8,-11.294,-731.659,637.908,578.257,633.798,603.388,613.338
162,73.200,-144.0,-171.0,-179.0,-160.0,19.0,20.0,20.0,14.0,-142.4,-168.8,-176.7,-156.6,19.1,19.3,19.1,14.7,-4.061,-730.731,637.119,577.519,632.766,602.978,612.595
163,73.300,-144.0,-171.0,-179.0,-160.0,19.0,20.0,20.0,14.0,-142.8,-169.3,-177.3,-157.2,19.0,19.4,19.2,14.6,2.638,-730.785,637.156,577.599,632.578,603.363,612.674
164,73.400,-146.0,-171.0,-179.0,-160.0,19.0,20.0,20.0,15.0,-143.2,-169.7,-177.5,-157.8,19.0,19.4,19.3,14.6,7.546,-729.551,636.214,576.705,631.472,602.687,611.769
165,73.500,-146.0,-171.0,179.0,-160.0,20.0,20.0,19.0,15.0,-143.6,-170.0,-141.9,-158.4,19.1,19.5,19.3,14.6,-92.109,-686.773,607.519,548.266,606.371,569.127,582.821
166,73.600,-145.0,-172.0,179.0,-160.0,20.0,20.0,19.0,15.0,-143.9,-170.4,-106.4,-158.8,19.2,19.6,19.3,14.7,-149.529,-590.444,542.557,485.288,544.299,501.499,518.411
167,73.700,-147.0,-172.0,179.0,-161.0,20.0,20.0,21.0,15.0,-144.4,-170.8,-70.8,-159.3,19.3,19.6,19.5,14.8,-138.853,-477.341,457.689,403.137,460.333,417.411,434.643
168,73.800,-147.0,-173.0,178.0,-164.0,20.0,20.0,19.0,15.0,-144.9,-171.1,-35.3,-159.9,19.4,19.7,19.5,14.8,-67.321,-388.447,382.803,330.794,383.008,348.208,361.203
169,73.900,-147.0,-173.0,178.0,-164.0,20.0,19.0,19.0,15.0,-145.4,-171.4,0.2,-160.5,19.5,19.7,19.5,14.8,41.739,-355.859,357.752,308.426,351.829,333.999,338.001
170,74.000,-148.0,-175.0,177.0,-164.0,20.0,20.0,20.0,15.0,-145.8,-171.9,35.6,-161.1,19.6,19.8,19.6,14.8,148.715,-390.204,399.547,352.165,388.044,384.476,381.058
171,74.100,-148.0,-175.0,177.0,-165.0,21.0,20.0,20.0,15.0,-146.2,-172.4,71.0,-161.8,19.8,19.9,19.7,14.8,215.426,-476.077,476.883,428.186,463.429,463.163,457.915
172,74.200,-148.0,-175.0,176.0,-167.0,20.0,20.0,20.0,15.0,-146.6,-172.8,106.5,-162.5,19.9,19.9,19.7,14.9,219.843,-582.460,553.095,500.756,540.505,535.499,532.464
173,74.300,-150.0,-176.0,175.0,-167.0,20.0,20.0,19.0,15.0,-147.2,-173.3,141.9,-163.2,20.0,19.9,19.6,15.0,162.972,-669.341,604.468,548.364,594.371,580.788,581.998
174,74.400,-150.0,-176.0,174.0,-167.0,20.0,20.0,20.0,15.0,-147.6,-173.8,177.2,-163.9,20.1,19.9,19.6,15.0,65.222,-703.975,618.504,559.901,611.803,588.394,594.650
175,74.500,-150.0,-176.0,174.0,-167.0,20.0,20.0,20.0,15.0,-148.0,-174.3,176.7,-164.6,20.1,19.9,19.7,15.0,71.333,-702.237,617.616,559.124,610.704,587.878,593.830
176,74.600,-152.0,-177.0,174.0,-168.0,21.0,21.0,20.0,15.0,-148.7,-174.8,176.2,-165.4,20.2,20.0,19.8,15.0,78.358,-698.519,615.311,556.975,608.154,586.028,591.617
177,74.700,-152.0,-178.0,174.0,-168.0,21.0,20.0,20.0,15.0,-149.2,-175.4,175.7,-166.1,20.3,20.0,19.7,15.0,84.886,-697.772,615.329,557.111,607.949,586.437,591.707
178,74.800,-153.0,-178.0,174.0,-168.0,21.0,20.0,20.0,15.0,-149.8,-175.9,175.3,-166.5,20.4,20.0,19.8,15.0,90.082,-695.118,613.780,555.686,606.218,585.229,590.228
179,74.900,-153.0,-179.0,174.0,-171.0,21.0,20.0,20.0,15.0,-150.4,-176.5,174.9,-167.2,20.5,20.1,19.9,15.0,96.353,-691.388,611.547,553.615,603.763,583.422,588.087
180,75.000,-154.0,-179.0,174.0,-170.0,21.0,20.0,20.0,16.0,-151.0,-176.9,174.6,-167.8,20.6,20.1,19.9,15.1,101.307,-688.607,609.949,552.147,601.989,582.160,586.561
181,75.100,-156.0,-179.0,173.0,-170.0,21.0,20.0,20.0,16.0,-151.8,-177.3,174.2,-168.3,20.6,20.1,19.9,15.2,106.986,-686.538,609.021,551.358,600.862,581.604,585.711
182,75.200,-156.0,-179.0,171.0,-171.0,21.0,20.0,21.0,15.0,-152.6,-177.7,173.7,-168.7,20.7,20.1,20.0,15.2,112.598,-683.600,607.454,549.945,599.096,580.422,584.229
183,75.300,-157.0,179.0,170.0,-172.0,20.0,19.0,20.0,15.0,-153.3,-142.2,173.2,-169.2,20.7,20.0,20.1,15.2,24.393,-660.565,582.602,524.010,577.321,550.623,558.639
184,75.400,-158.0,178.0,170.0,-172.0,20.0,20.0,20.0,15.0,-154.1,-106.8,172.8,-169.7,20.7,20.0,20.1,15.2,-33.853,-587.641,526.718,468.787,523.854,491.945,502.826
185,75.500,-157.0,177.0,170.0,-172.0,21.0,20.0,20.0,15.0,-154.8,-71.5,172.4,-170.2,20.8,20.0,20.1,15.2,-39.674,-490.802,454.052,398.206,451.939,419.910,431.027
186,75.600,-157.0,177.0,170.0,-174.0,21.0,20.0,20.0,15.0,-155.3,-36.1,172.0,-170.8,20.8,19.9,20.1,15.2,10.565,-405.617,390.926,338.409,386.670,362.458,369.616
187,75.700,-159.0,176.0,169.0,-174.0,21.0,20.0,20.0,15.0,-156.0,-0.7,171.5,-171.4,20.8,19.9,20.1,15.2,102.147,-363.088,370.891,323.132,361.554,352.820,352.099
188,75.800,-160.0,176.0,169.0,-174.0,21.0,20.0,20.0,15.0,-156.7,34.7,171.0,-172.0,20.8,19.9,20.1,15.2,201.448,-378.470,407.712,363.658,393.733,398.056,390.790
189,75.900,-159.0,174.0,167.0,-176.0,22.0,20.0,21.0,15.0,-157.3,70.0,170.3,-172.5,20.9,19.9,20.2,15.2,273.115,-443.660,475.899,431.558,460.060,468.188,458.926
190,76.000,-158.0,174.0,167.0,-176.0,20.0,20.0,21.0,15.0,-157.7,105.3,169.6,-173.1,20.8,19.9,20.3,15.1,293.807,-537.733,545.764,497.946,530.406,534.884,527.250
191,76.100,-161.0,174.0,165.0,-176.0,21.0,20.0,20.0,15.0,-158.2,140.6,168.8,-173.7,20.8,19.9,20.3,15.0,257.638,-623.324,593.431,541.319,580.022,576.950,572.930
192,76.200,-162.0,174.0,165.0,-178.0,21.0,20.0,20.0,15.0,-158.8,175.9,168.2,-174.4,20.8,19.9,20.2,15.0,179.364,-668.616,607.123,551.473,596.491,584.471,584.889
193,76.300,-162.0,173.0,165.0,-179.0,21.0,20.0,20.0,16.0,-159.3,175.3,167.7,-175.1,20.9,20.0,20.2,15.1,184.874,-664.195,604.937,549.525,594.101,582.730,582.823
194,76.400,-163.0,170.0,163.0,-179.0,21.0,20.0,20.0,16.0,-159.8,174.5,167.0,-175.8,21.0,20.0,20.2,15.2,191.615,-660.307,603.470,548.328,592.394,581.777,581.492
195,76.500,-163.0,172.0,163.0,-179.0,22.0,20.0,20.0,16.0,-160.4,174.0,166.3,-176.5,21.1,20.0,20.2,15.3,197.753,-656.439,601.946,547.063,590.648,580.733,580.098
196,76.600,-165.0,170.0,163.0,179.0,21.0,20.0,20.0,15.0,-161.2,173.3,165.6,-141.2,21.1,20.0,20.2,15.3,100.084,-665.185,591.726,534.234,583.737,564.247,568.486
197,76.700,-165.0,170.0,160.0,179.0,21.0,20.0,20.0,15.0,-161.8,172.7,164.7,-105.9,21.1,20.0,20.2,15.3,15.197,-611.934,544.765,486.765,539.869,512.775,521.043
198,76.800,-166.0,169.0,160.0,179.0,21.0,20.0,20.0,15.0,-162.4,172.0,163.8,-70.6,21.1,20.0,20.2,15.3,-23.152,-515.416,471.611,415.183,468.598,438.297,448.422
199,76.900,-166.0,169.0,160.0,177.0,20.0,20.0,20.0,15.0,-163.1,171.5,163.1,-35.3,20.9,20.0,20.1,15.3,1.182,-413.113,396.173,343.212,392.399,366.681,374.616
200,77.000,-167.0,167.0,160.0,177.0,20.0,19.0,20.0,15.0,-164.0,170.8,162.4,0.0,20.9,19.9,20.0,15.3,81.927,-339.209,351.417,304.444,343.110,332.583,332.889
201,77.100,-167.0,167.0,159.0,177.0,20.0,19.0,20.0,14.0,-164.6,170.1,161.8,35.3,20.8,19.8,20.0,15.2,190.493,-321.069,368.433,328.138,354.271,361.663,353.126
202,77.200,-169.0,166.0,159.0,175.0,20.0,20.0,20.0,14.0,-165.3,169.3,161.2,70.6,20.7,19.8,20.0,15.1,291.211,-365.114,435.902,397.646,418.451,434.389,421.597
203,77.300,-170.0,165.0,161.0,175.0,19.0,20.0,19.0,14.0,-166.1,168.5,160.8,106.0,20.5,19.8,19.9,14.9,350.094,-458.130,518.270,476.920,500.374,515.048,502.653
204,77.400,-169.0,165.0,159.0,173.0,20.0,20.0,20.0,13.0,-166.7,168.0,160.4,141.2,20.4,19.8,19.9,14.6,344.915,-564.444,583.619,536.944,567.162,574.826,565.638
205,77.500,-170.0,165.0,159.0,173.0,21.0,20.0,20.0,13.0,-167.4,167.3,160.0,176.4,20.3,19.8,19.9,14.3,279.548,-646.721,616.979,565.026,603.151,601.094,596.562
206,77.600,-169.0,164.0,156.0,173.0,20.0,21.0,20.0,13.0,-167.8,166.7,159.3,175.8,20.2,19.9,19.9,14.1,287.017,-645.707,618.621,566.963,604.575,603.220,598.345
207,77.700,-171.0,163.0,156.0,173.0,20.0,21.0,20.0,13.0,-168.4,166.0,158.9,175.2,20.1,20.0,19.9,13.9,294.403,-644.580,620.215,568.855,605.954,605.295,600.080
208,77.800,-172.0,163.0,156.0,173.0,19.0,21.0,20.0,14.0,-169.0,165.4,158.5,174.6,19.9,20.1,19.9,13.8,301.447,-643.330,621.664,570.597,607.198,607.208,601.667
209,77.900,-171.0,163.0,155.0,171.0,20.0,20.0,20.0,14.0,-169.5,164.8,158.0,174.0,19.9,20.1,19.9,13.7,307.887,-641.290,622.402,571.632,607.743,608.400,602.544
210,78.000,-173.0,163.0,155.0,170.0,20.0,20.0,19.0,15.0,-170.1,164.4,157.5,173.3,19.9,20.2,19.8,13.7,313.768,-638.296,622.324,571.861,607.480,608.775,602.610
211,78.100,-173.0,162.0,155.0,168.0,19.0,21.0,19.0,14.0,-170.7,163.9,157.1,172.4,19.8,20.4,19.7,13.7,320.324,-634.925,622.271,572.156,607.219,609.229,602.719
212,78.200,-174.0,161.0,153.0,168.0,19.0,21.0,20.0,14.0,-171.2,163.4,156.5,171.7,19.7,20.5,19.7,13.7,326.577,-631.591,622.195,572.419,606.946,609.642,602.800
213,78.300,-174.0,161.0,153.0,168.0,19.0,21.0,20.0,14.0,-171.6,163.0,155.7,171.0,19.7,20.6,19.8,13.7,331.961,-626.532,620.659,571.249,605.218,608.607,601.433
214,78.400,-173.0,160.0,151.0,168.0,19.0,20.0,19.0,14.0,-172.0,162.5,154.9,170.5,19.6,20.6,19.7,13.8,337.994,-624.130,621.252,572.154,605.632,609.645,602.171
215,78.500,-176.0,159.0,153.0,166.0,19.0,21.0,20.0,13.0,-172.6,161.9,154.3,169.8,19.4,20.7,19.7,13.8,345.178,-621.129,621.922,573.204,606.089,610.849,603.016
216,78.600,-176.0,158.0,151.0,166.0,19.0,21.0,20.0,13.0,-173.3,161.3,153.8,169.1,19.3,20.7,19.7,13.8,352.084,-617.940,622.424,574.085,606.383,611.874,603.692
217,78.700,-177.0,158.0,151.0,166.0,19.0,21.0,20.0,13.0,-173.9,160.8,153.3,168.4,19.2,20.7,19.7,13.8,358.492,-614.975,622.940,574.958,606.710,612.877,604.372
218,78.800,-178.0,157.0,151.0,165.0,19.0,21.0,20.0,14.0,-174.5,160.2,152.8,167.6,19.2,20.7,19.7,13.8,364.778,-610.840,622.677,575.091,606.248,613.139,604.289
219,78.900,-178.0,157.0,151.0,164.0,18.0,21.0,18.0,12.0,-175.2,159.6,152.4,166.9,19.0,20.8,19.5,13.6,373.968,-611.266,626.721,579.490,610.077,617.692,608.495
220,79.000,-178.0,157.0,151.0,163.0,18.0,21.0,18.0,13.0,-175.7,159.0,152.0,166.2,18.8,20.9,19.4,13.4,382.324,-611.110,630.095,583.207,613.254,621.545,612.025
221,79.100,-179.0,157.0,148.0,162.0,19.0,21.0,20.0,12.0,-176.3,158.5,151.3,165.6,18.8,20.9,19.5,13.2,389.473,-607.838,630.954,584.475,613.912,622.938,613.070
222,79.200,-179.0,155.0,149.0,160.0,18.0,20.0,20.0,13.0,-176.8,157.9,150.9,164.8,18.7,20.8,19.5,13.1,396.995,-606.044,633.010,586.904,615.778,625.487,615.295
223,79.300,-179.0,154.0,146.0,160.0,18.0,20.0,20.0,13.0,-177.3,157.2,150.2,164.0,18.6,20.7,19.5,13.0,405.598,-603.587,635.170,589.508,617.719,628.224,617.655
224,79.400,-180.0,154.0,145.0,160.0,18.0,18.0,20.0,13.0,-178.0,156.6,149.6,163.2,18.5,20.5,19.6,12.9,414.074,-600.672,637.057,591.853,619.388,630.696,619.748
225,79.500,179.0,154.0,145.0,160.0,19.0,19.0,20.0,13.0,-142.5,156.1,148.8,162.6,18.5,20.3,19.6,12.9,318.974,-641.999,626.749,576.373,611.804,613.379,607.076
226,79.600,179.0,153.0,144.0,160.0,19.0,20.0,21.0,13.0,-107.0,155.6,148.1,162.0,18.5,20.2,19.7,12.9,216.332,-615.052,575.847,522.503,563.646,556.976,554.743
227,79.700,179.0,154.0,143.0,159.0,19.0,19.0,21.0,15.0,-71.4,155.2,147.3,161.3,18.5,20.0,19.8,13.1,145.937,-528.411,496.057,442.706,485.720,474.965,474.862
228,79.800,178.0,151.0,145.0,159.0,18.0,19.0,19.0,12.0,-35.8,154.6,146.7,160.7,18.4,19.8,19.7,12.9,139.985,-419.189,417.099,367.772,406.239,399.782,397.723
229,79.900,178.0,151.0,145.0,157.0,19.0,19.0,20.0,14.0,-0.2,154.0,146.1,160.0,18.5,19.6,19.9,13.1,197.028,-317.284,368.563,328.963,354.060,362.683,353.567
