block,time_s,raw_az_N,raw_az_S,raw_az_E,raw_az_W,raw_el_N,raw_el_S,raw_el_E,raw_el_W,smooth_az_N,smooth_az_S,smooth_az_E,smooth_az_W,smooth_el_N,smooth_el_S,smooth_el_E,smooth_el_W,local_x_m,local_y_m,rms_m,dist_N_m,dist_S_m,dist_E_m,dist_W_m
0,57.000,-102.0,-138.0,-146.0,-118.0,15.0,16.0,16.0,12.0,-146.0,-146.0,-146.0,-146.0,15.0,17.0,15.0,16.0,-342.635,-515.018,17.412,530.898,478.927,540.953,481.124
1,57.100,-102.0,-138.0,-146.0,-118.0,15.0,16.0,16.0,11.0,-146.0,-146.0,-146.0,-146.0,15.0,17.0,15.0,15.5,-298.871,-452.380,17.787,464.860,412.916,474.927,415.116
2,57.200,-106.0,-138.0,-146.0,-118.0,16.0,16.0,16.0,11.0,-147.3,-146.0,-146.0,-146.0,15.3,17.0,15.0,15.3,-332.698,-506.930,16.859,520.188,468.012,530.113,470.472
3,57.300,-106.0,-138.0,-146.0,-120.0,16.0,16.0,16.0,10.0,-148.0,-146.0,-146.0,-146.5,15.5,17.0,15.0,15.0,-336.429,-517.619,15.908,529.553,477.201,539.367,479.879
4,57.400,-103.0,-138.0,-146.0,-117.0,16.0,16.0,16.0,10.0,-147.8,-146.0,-146.0,-146.2,15.6,17.0,15.0,14.8,-268.178,-415.855,17.054,424.062,371.872,433.936,374.470
5,57.500,-103.0,-138.0,-146.0,-115.0,16.0,17.0,16.0,12.0,-148.0,-146.0,-146.0,-145.6,15.8,17.2,15.0,14.8,-147.162,-238.800,18.053,239.709,188.058,249.651,190.642
6,57.600,-103.0,-138.0,-143.0,-118.0,16.0,16.0,16.0,11.0,-148.2,-146.0,-145.4,-145.6,16.0,17.2,15.0,14.8,-156.071,-250.780,17.749,252.577,200.945,262.555,203.428
7,57.700,-102.0,-138.0,-146.0,-118.0,15.0,16.0,16.0,11.0,-147.4,-146.0,-145.4,-145.6,15.8,17.2,15.0,14.8,-177.117,-279.231,17.879,282.908,231.265,292.959,233.568
8,57.800,-102.0,-138.0,-146.0,-120.0,15.0,16.0,16.0,12.0,-146.6,-146.0,-145.4,-145.6,15.6,17.2,15.0,15.2,-227.838,-349.567,17.878,357.536,305.833,367.649,307.960
9,57.900,-106.0,-138.0,-146.0,-118.0,13.0,16.0,16.0,13.0,-147.2,-146.0,-145.4,-145.8,15.0,17.2,15.0,15.8,-319.640,-483.909,16.356,497.617,445.612,507.634,447.891
10,58.000,-104.0,-139.0,-146.0,-116.0,14.0,16.0,16.0,12.0,-147.4,-146.2,-145.4,-146.0,14.6,17.0,15.0,15.8,-314.068,-478.336,16.172,490.631,438.512,500.600,440.903
11,58.100,-106.0,-139.0,-143.0,-118.0,16.0,16.0,16.0,12.0,-148.0,-146.4,-145.4,-146.0,14.6,17.0,15.0,16.0,-261.283,-404.929,16.374,412.972,360.835,422.872,363.387
12,58.200,-107.0,-138.0,-143.0,-120.0,14.0,16.0,16.0,13.0,-149.0,-146.4,-144.8,-146.4,14.4,17.0,15.0,16.4,-225.892,-355.778,15.339,360.967,308.812,370.801,311.521
13,58.300,-107.0,-139.0,-144.0,-119.0,14.0,15.0,17.0,11.0,-150.0,-146.6,-144.4,-146.2,14.2,16.8,15.2,16.2,-153.357,-250.738,16.276,251.093,199.140,260.906,202.011
14,58.400,-107.0,-138.0,-144.0,-117.0,14.0,16.0,17.0,10.0,-150.2,-146.6,-144.0,-146.0,14.4,16.8,15.4,15.6,-126.682,-210.694,16.759,209.724,158.068,219.596,160.878
15,58.500,-109.0,-139.0,-146.0,-118.0,13.0,16.0,16.0,11.0,-151.2,-146.6,-144.0,-146.4,14.2,16.8,15.4,15.4,-116.241,-197.645,16.514,195.407,143.634,205.163,146.765
16,58.600,-107.0,-138.0,-146.0,-118.0,14.0,16.0,16.0,12.0,-151.4,-146.4,-144.6,-146.4,13.8,16.8,15.4,15.4,-119.522,-203.795,16.452,201.305,149.339,210.992,152.629
17,58.700,-107.0,-139.0,-146.0,-120.0,15.0,16.0,16.0,11.0,-151.4,-146.6,-145.2,-146.4,14.0,16.8,15.4,15.0,-114.571,-197.749,16.851,194.648,142.606,204.264,146.090
18,58.800,-108.0,-138.0,-146.0,-117.0,16.0,16.0,16.0,12.0,-151.6,-146.4,-145.6,-146.0,14.4,17.0,15.2,15.2,-105.201,-183.921,17.087,180.425,128.530,190.028,132.084
19,58.900,-108.0,-138.0,-146.0,-120.0,16.0,16.0,16.0,12.0,-151.8,-146.4,-146.0,-146.6,14.8,17.0,15.0,15.6,-130.249,-223.877,16.547,221.051,168.700,230.518,172.416
20,59.000,-106.0,-138.0,-146.0,-120.0,16.0,16.0,16.0,11.0,-151.2,-146.2,-146.0,-147.0,15.4,17.0,15.0,15.6,-172.255,-286.793,15.846,286.241,233.727,295.717,237.259
21,59.100,-106.0,-138.0,-146.0,-121.0,16.0,16.0,14.0,11.0,-151.0,-146.2,-146.0,-147.6,15.8,17.0,14.6,15.4,-202.116,-333.099,14.894,333.597,280.909,343.029,284.470
22,59.200,-107.0,-138.0,-146.0,-121.0,15.0,16.0,16.0,11.0,-151.0,-146.0,-146.0,-147.8,15.8,17.0,14.6,15.4,-212.378,-348.763,14.321,349.711,296.991,359.138,300.544
23,59.300,-110.0,-141.0,-145.0,-118.0,14.0,15.0,14.0,11.0,-151.4,-146.6,-145.8,-148.0,15.4,16.8,14.2,15.2,-191.484,-319.420,14.598,318.370,265.507,327.731,269.266
24,59.400,-110.0,-140.0,-146.0,-118.0,14.0,16.0,16.0,11.0,-151.8,-147.0,-145.8,-147.6,15.0,16.8,14.2,15.0,-154.044,-262.725,15.710,259.871,207.084,269.225,210.984
25,59.500,-110.0,-138.0,-145.0,-121.0,14.0,16.0,14.0,11.0,-152.6,-147.0,-145.6,-147.8,14.6,16.8,13.8,15.0,-135.710,-236.004,15.461,231.913,179.080,241.216,183.191
26,59.600,-110.0,-141.0,-146.0,-119.0,14.0,15.0,15.0,11.0,-153.4,-147.6,-145.6,-147.4,14.2,16.6,14.0,15.0,-99.133,-180.568,16.436,175.008,122.442,184.271,126.918
27,59.700,-110.0,-141.0,-146.0,-122.0,14.0,15.0,16.0,11.0,-154.0,-148.2,-145.6,-147.6,14.0,16.4,14.0,15.0,-85.497,-160.767,16.653,154.459,101.967,163.640,106.825
28,59.800,-109.0,-141.0,-146.0,-118.0,13.0,15.0,16.0,11.0,-153.8,-148.2,-145.8,-147.6,13.8,16.4,14.4,15.0,-87.324,-163.715,16.763,157.457,104.930,166.629,109.777
29,59.900,-109.0,-141.0,-146.0,-122.0,13.0,15.0,16.0,12.0,-153.6,-148.4,-145.8,-148.4,13.6,16.2,14.4,15.2,-108.662,-198.726,16.167,192.517,139.482,201.589,144.321
30,60.000,-110.0,-141.0,-146.0,-122.0,15.0,15.0,16.0,10.0,-153.6,-149.0,-146.0,-148.6,13.8,16.0,14.8,15.0,-99.986,-186.118,16.664,179.527,126.521,188.537,131.589
31,60.100,-108.0,-141.0,-151.0,-117.0,16.0,15.0,17.0,12.0,-153.2,-149.0,-147.0,-148.2,14.2,16.0,15.2,15.2,-94.283,-177.474,17.372,170.846,117.957,179.825,123.141
32,60.200,-108.0,-140.0,-148.0,-120.0,16.0,16.0,18.0,11.0,-152.8,-148.8,-147.4,-147.8,14.6,16.2,15.6,15.2,-80.329,-154.261,17.874,147.782,95.391,156.834,100.589
33,60.300,-109.0,-140.0,-146.0,-121.0,16.0,16.0,16.0,11.0,-152.8,-148.6,-147.4,-148.4,15.2,16.4,15.6,15.2,-116.959,-214.061,17.396,208.099,155.018,217.026,160.023
34,60.400,-106.0,-140.0,-146.0,-120.0,16.0,16.0,16.0,12.0,-152.2,-148.4,-147.4,-148.0,15.8,16.6,15.6,15.2,-110.928,-202.278,17.759,196.880,144.102,205.919,148.885
35,60.500,-108.0,-141.0,-145.0,-120.0,16.0,15.0,14.0,12.0,-151.8,-148.4,-147.2,-147.6,16.0,16.6,15.2,15.6,-107.379,-194.938,17.827,189.890,137.319,199.028,141.907
36,60.600,-109.0,-141.0,-145.0,-122.0,16.0,15.0,14.0,13.0,-152.0,-148.4,-146.0,-148.6,16.0,16.6,14.6,15.8,-155.560,-270.842,16.091,267.093,214.079,276.191,218.463
37,60.700,-110.0,-141.0,-146.0,-122.0,14.0,15.0,16.0,12.0,-152.4,-148.6,-145.6,-149.0,15.6,16.4,14.2,16.0,-148.157,-260.210,15.562,255.753,202.655,264.821,207.160
38,60.800,-112.0,-140.0,-147.0,-121.0,15.0,16.0,13.0,13.0,-153.0,-148.6,-145.8,-149.0,15.4,16.4,13.6,16.4,-134.748,-240.595,15.463,235.257,182.098,244.267,186.814
39,60.900,-106.0,-143.0,-146.0,-121.0,16.0,15.0,15.0,12.0,-153.0,-149.2,-145.8,-149.2,15.4,16.2,13.4,16.4,-125.641,-227.217,15.781,221.312,168.112,230.280,172.995
40,61.000,-110.0,-142.0,-148.0,-124.0,14.0,16.0,14.0,12.0,-153.4,-149.4,-146.4,-150.0,15.0,16.4,13.4,16.4,-144.434,-262.218,14.924,255.365,201.719,264.113,206.950
41,61.100,-110.0,-141.0,-171.0,-123.0,14.0,15.0,10.0,12.0,-153.6,-149.4,-151.6,-150.2,14.6,16.4,12.6,16.2,-119.494,-233.661,17.406,223.284,168.857,231.489,175.483
42,61.200,-110.0,-141.0,-147.0,-121.0,14.0,15.0,13.0,13.0,-153.6,-149.4,-151.8,-150.0,14.6,16.4,12.0,16.4,-94.946,-190.829,17.758,180.932,126.732,189.200,133.603
43,61.300,-110.0,-141.0,-148.0,-123.0,14.0,15.0,16.0,12.0,-153.2,-149.6,-152.0,-150.4,14.4,16.2,12.6,16.2,-119.735,-234.822,17.666,224.180,169.679,232.354,176.378
44,61.400,-110.0,-140.0,-150.0,-121.0,14.0,16.0,15.0,13.0,-154.0,-149.0,-152.8,-150.4,14.0,16.4,12.6,16.4,-92.975,-190.074,17.898,179.604,125.205,187.725,132.443
45,61.500,-109.0,-142.0,-134.0,-121.0,13.0,16.0,40.0,13.0,-153.8,-149.0,-150.0,-149.8,13.8,16.4,17.8,16.6,-81.282,-163.630,18.369,155.714,102.568,164.203,109.041
46,61.600,-109.0,-141.0,163.0,-122.0,13.0,15.0,13.0,13.0,-153.6,-149.0,-83.2,-149.6,13.6,16.4,18.4,16.8,4.864,-6.645,18.084,6.828,58.279,21.562,52.435
47,61.700,-112.0,-140.0,-148.0,-122.0,15.0,16.0,17.0,13.0,-154.0,-148.8,-83.4,-149.8,13.8,16.6,19.2,16.8,4.774,-6.923,18.248,6.972,58.041,21.640,52.238
48,61.800,-109.0,-143.0,-149.0,-122.0,14.0,17.0,18.0,13.0,-153.8,-149.2,-83.6,-149.6,13.8,17.0,19.6,17.0,4.838,-6.817,18.184,6.931,58.135,21.586,52.333
49,61.900,-110.0,-143.0,-110.0,-123.0,14.0,17.0,26.0,12.0,-153.8,-149.8,-75.6,-150.0,13.8,17.2,21.8,16.8,6.630,-3.992,18.327,6.428,60.681,20.189,54.938
50,62.000,-110.0,-143.0,-151.0,-122.0,14.0,17.0,17.0,13.0,-154.0,-150.0,-79.0,-150.2,14.0,17.4,17.2,16.8,5.107,-5.128,18.054,6.005,59.551,21.384,53.361
51,62.100,-110.0,-140.0,-149.0,-122.0,14.0,16.0,17.0,13.0,-154.2,-149.8,-141.4,-150.2,14.2,17.6,18.0,16.8,-59.635,-117.478,16.942,112.008,61.733,121.421,66.220
52,62.200,-110.0,-140.0,-148.0,-123.0,14.0,16.0,18.0,12.0,-153.8,-149.8,-141.4,-150.4,14.0,17.6,18.2,16.6,-60.656,-118.815,16.971,113.427,63.111,122.860,67.517
53,62.300,-110.0,-141.0,-151.0,-123.0,14.0,15.0,17.0,12.0,-154.0,-149.4,-141.8,-150.6,14.0,17.2,18.0,16.4,-66.755,-129.160,16.748,123.706,72.746,133.047,77.312
54,62.400,-110.0,-143.0,-148.0,-123.0,14.0,16.0,16.0,12.0,-154.0,-149.4,-149.4,-150.6,14.0,17.0,16.0,16.4,-169.951,-317.209,15.788,308.044,253.820,316.294,259.857
55,62.500,-108.0,-142.0,-150.0,-123.0,15.0,16.0,16.0,12.0,-153.6,-149.2,-149.2,-150.8,14.2,16.8,15.8,16.2,-209.194,-382.634,14.698,373.553,319.268,381.827,325.100
56,62.600,-110.0,-143.0,-149.0,-123.0,14.0,17.0,18.0,12.0,-153.6,-149.8,-149.2,-151.0,14.2,17.0,16.0,16.0,-204.514,-377.132,15.143,367.543,313.193,375.749,319.168
57,62.700,-110.0,-143.0,-147.0,-123.0,14.0,17.0,20.0,13.0,-153.6,-150.4,-149.0,-151.0,14.2,17.2,16.4,16.2,-177.516,-331.414,16.021,322.125,267.871,330.323,273.954
58,62.800,-110.0,-143.0,-150.0,-123.0,14.0,17.0,20.0,13.0,-153.6,-150.8,-148.8,-151.0,14.2,17.6,17.0,16.4,-145.435,-276.043,16.782,267.337,213.297,275.564,219.485
59,62.900,-68.0,-143.0,-149.0,-124.0,21.0,17.0,20.0,13.0,-145.2,-150.8,-149.0,-151.2,15.6,17.8,17.8,16.6,22.256,13.915,19.472,21.802,78.161,18.234,74.395
60,63.000,-110.0,-143.0,-149.0,-124.0,14.0,17.0,19.0,13.0,-145.6,-151.0,-148.8,-151.4,15.4,18.0,18.4,16.8,11.712,-2.781,19.549,10.009,62.506,16.142,58.914
61,63.100,-110.0,-142.0,-149.0,-124.0,14.0,16.0,18.0,13.0,-145.6,-150.8,-148.8,-151.6,15.4,17.8,18.4,17.0,1.352,-19.533,19.627,16.209,47.310,26.796,44.193
62,63.200,-110.0,-143.0,-151.0,-125.0,14.0,17.0,17.0,12.0,-145.6,-150.8,-149.6,-152.0,15.4,17.8,17.8,16.8,-3.070,-26.777,19.709,22.313,41.012,32.836,38.278
63,63.300,-112.0,-143.0,-149.0,-125.0,15.0,17.0,18.0,12.0,-146.0,-150.8,-149.4,-152.4,15.6,17.8,17.4,16.6,-30.500,-71.795,19.611,65.679,24.075,75.293,28.124
64,63.400,-110.0,-143.0,-151.0,-125.0,14.0,17.0,17.0,12.0,-154.4,-150.8,-149.8,-152.6,14.2,17.8,16.8,16.4,-194.818,-373.687,14.528,361.746,307.079,369.563,313.786
65,63.500,-112.0,-143.0,-148.0,-125.0,15.0,17.0,18.0,13.0,-154.8,-150.8,-149.6,-152.8,14.4,17.8,16.6,16.4,-191.808,-369.631,14.021,357.439,302.733,365.221,309.520
66,63.600,-113.0,-143.0,-149.0,-125.0,16.0,17.0,18.0,12.0,-155.4,-151.0,-149.6,-153.0,14.8,18.0,16.6,16.2,-175.827,-343.968,14.334,331.577,276.829,339.279,283.839
67,63.700,-111.0,-143.0,-151.0,-125.0,17.0,17.0,17.0,12.0,-155.6,-151.0,-149.6,-153.0,15.4,18.0,16.6,16.2,-175.524,-344.081,14.471,331.782,277.057,339.459,284.099
68,63.800,-111.0,-143.0,-149.0,-127.0,17.0,17.0,18.0,12.0,-155.4,-151.0,-149.6,-153.4,15.8,18.0,16.6,16.2,-194.940,-380.170,13.607,367.373,312.605,375.004,319.622
69,63.900,-111.0,-143.0,-149.0,-125.0,17.0,17.0,18.0,13.0,-155.6,-151.0,-149.2,-153.4,16.4,18.0,16.8,16.4,-178.557,-349.353,14.129,337.599,282.985,345.268,289.986
70,64.000,-111.0,-143.0,-150.0,-126.0,17.0,17.0,20.0,13.0,-155.4,-151.0,-149.6,-153.6,16.8,18.0,17.2,16.4,-193.326,-377.850,14.167,365.755,311.112,373.354,318.146
71,64.100,-113.0,-143.0,-152.0,-126.0,16.0,17.0,18.0,13.0,-155.4,-151.0,-150.2,-153.8,16.8,18.0,17.2,16.6,-218.550,-427.634,13.473,414.218,359.433,421.702,366.569
72,64.200,-112.0,-143.0,-151.0,-126.0,15.0,17.0,17.0,13.0,-155.6,-151.0,-150.2,-154.0,16.4,18.0,17.2,16.8,-215.215,-423.108,12.922,409.291,354.447,416.740,361.666
73,64.300,-113.0,-143.0,-151.0,-128.0,16.0,17.0,17.0,13.0,-156.0,-151.0,-150.6,-154.2,16.2,18.0,17.0,17.0,-212.698,-422.684,12.551,407.852,352.876,415.203,360.293
74,64.400,-112.0,-143.0,-151.0,-128.0,15.0,17.0,17.0,13.0,-156.2,-151.0,-151.0,-154.8,15.8,18.0,16.8,17.0,-215.806,-433.635,11.338,417.220,362.052,424.451,369.692
75,64.500,-111.0,-143.0,-149.0,-126.0,17.0,17.0,15.0,14.0,-156.2,-151.0,-150.8,-154.8,15.8,18.0,15.8,17.2,-215.923,-432.875,10.150,416.246,361.038,423.508,368.646
76,64.600,-113.0,-143.0,-150.0,-126.0,18.0,17.0,15.0,14.0,-156.2,-151.0,-150.4,-154.8,16.2,18.0,15.2,17.4,-203.411,-407.298,10.199,391.605,336.471,398.928,344.022
77,64.700,-115.0,-143.0,-152.0,-126.0,19.0,17.0,15.0,14.0,-156.8,-151.0,-150.6,-154.8,17.0,18.0,14.8,17.6,-175.589,-357.545,11.937,342.588,287.472,349.864,295.243
78,64.800,-114.0,-143.0,-151.0,-128.0,18.0,17.0,17.0,13.0,-157.0,-151.0,-150.6,-154.8,17.4,18.0,14.8,17.6,-165.199,-338.391,12.640,323.899,268.825,331.170,276.663
79,64.900,-117.0,-143.0,-153.0,-128.0,18.0,17.0,16.0,13.0,-158.0,-151.0,-151.0,-154.8,18.0,18.0,14.6,17.6,-132.282,-279.466,14.411,265.672,210.599,272.869,218.866
80,65.000,-117.0,-143.0,-152.0,-129.0,17.0,17.0,15.0,14.0,-159.2,-151.0,-151.6,-155.4,18.0,18.0,14.6,17.6,-115.621,-253.148,14.808,238.898,183.639,245.904,192.504
81,65.100,-116.0,-143.0,-153.0,-128.0,17.0,17.0,16.0,13.0,-159.8,-151.0,-152.2,-155.8,17.8,18.0,14.8,17.4,-111.645,-249.295,14.943,234.388,178.947,241.243,188.174
82,65.200,-116.0,-143.0,-153.0,-126.0,17.0,17.0,16.0,14.0,-160.0,-151.0,-152.4,-155.8,17.4,18.0,15.0,17.4,-111.820,-250.776,14.926,235.565,180.053,242.376,189.369
83,65.300,-119.0,-143.0,-153.0,-126.0,17.0,17.0,16.0,14.0,-161.0,-151.0,-152.8,-155.4,17.2,18.0,14.8,17.6,-90.704,-210.278,16.050,196.051,140.574,202.844,150.404
84,65.400,-118.0,-143.0,-153.0,-126.0,17.0,17.0,16.0,14.0,-161.2,-151.0,-152.8,-155.0,17.0,18.0,14.8,17.8,-84.381,-197.079,16.409,183.387,128.001,190.227,137.929
85,65.500,-116.0,-145.0,-153.0,-129.0,17.0,17.0,16.0,14.0,-161.0,-151.4,-153.0,-155.0,17.0,18.0,15.0,17.8,-87.391,-203.904,16.526,189.882,134.432,196.671,144.362
86,65.600,-116.0,-145.0,-151.0,-126.0,17.0,17.0,17.0,14.0,-161.0,-151.8,-152.6,-154.6,17.0,18.0,15.2,18.0,-83.096,-194.143,16.810,180.727,125.430,187.587,135.340
87,65.700,-116.0,-145.0,153.0,-126.0,17.0,17.0,38.0,14.0,-161.0,-152.2,-91.4,-154.6,17.0,18.0,19.6,18.0,-0.378,-11.134,18.511,9.222,54.083,26.218,46.718
88,65.800,-117.0,-143.0,-149.0,-126.0,17.0,17.0,15.0,16.0,-160.6,-152.2,-90.6,-154.6,17.0,18.0,19.4,18.4,-0.270,-10.847,18.548,8.982,54.327,26.095,46.932
89,65.900,-116.0,-145.0,152.0,-128.0,17.0,17.0,10.0,13.0,-160.2,-152.6,-29.6,-155.0,17.0,18.0,18.2,18.2,10.275,5.322,19.855,9.615,68.811,19.617,62.214
90,66.000,-118.0,-146.0,151.0,-127.0,18.0,18.0,40.0,14.0,-160.6,-152.8,31.2,-154.6,17.2,18.2,23.0,18.2,-1.501,-24.835,18.699,20.597,42.702,30.899,40.118
91,66.100,-120.0,-148.0,141.0,-126.0,19.0,18.0,44.0,14.0,-161.4,-153.4,89.6,-154.6,17.6,18.4,28.4,18.2,0.940,-5.959,16.652,4.995,58.446,24.827,50.232
92,66.200,-120.0,-146.0,-155.0,-127.0,17.0,18.0,15.0,14.0,-162.2,-153.6,28.0,-154.8,17.6,18.6,23.8,18.2,-0.022,-22.612,18.916,18.719,44.648,28.936,42.014
93,66.300,-120.0,-147.0,-153.0,-128.0,17.0,18.0,16.0,15.0,-162.8,-154.4,27.2,-155.2,17.6,18.8,24.0,18.0,0.173,-21.977,18.941,18.194,45.189,28.551,42.392
94,66.400,-121.0,-147.0,-154.0,-129.0,17.0,18.0,17.0,14.0,-163.8,-154.8,-34.0,-155.4,17.6,19.0,25.4,18.2,8.794,3.521,19.756,7.873,67.118,20.043,60.302
95,66.500,-119.0,-146.0,-154.0,-126.0,17.0,19.0,16.0,14.0,-164.0,-154.8,-95.0,-155.2,17.4,19.2,20.6,18.2,-1.555,-12.184,18.204,10.169,53.146,27.326,45.414
96,66.600,-120.0,-146.0,-154.0,-129.0,19.0,19.0,17.0,14.0,-164.0,-154.4,-154.0,-155.8,17.4,19.4,15.2,18.2,-54.671,-145.986,17.930,133.032,77.599,139.406,89.986
97,66.700,-120.0,-148.0,168.0,-126.0,18.0,18.0,35.0,14.0,-164.0,-154.8,-89.4,-155.6,17.6,19.4,19.2,18.2,-0.738,-9.809,18.304,8.144,55.153,26.374,47.144
98,66.800,-119.0,-147.0,159.0,-131.0,17.0,19.0,36.0,13.0,-163.8,-154.8,-27.0,-156.2,17.6,19.6,23.2,17.8,9.081,3.932,20.143,8.224,67.496,19.968,60.707
99,66.900,-119.0,-148.0,156.0,-129.0,17.0,18.0,43.0,14.0,-163.4,-155.0,35.0,-156.2,17.6,19.6,28.4,17.8,-1.216,-22.040,18.550,18.273,45.028,29.609,41.337
100,67.000,-119.0,-148.0,166.0,-130.0,17.0,18.0,50.0,14.0,-163.4,-155.4,99.0,-157.0,17.6,19.4,35.2,17.8,1.907,-0.867,16.841,1.741,62.719,24.449,53.618
101,67.100,-122.0,-149.0,-155.0,-127.0,18.0,19.0,18.0,14.0,-163.8,-156.0,98.8,-156.6,17.4,19.4,35.4,17.8,1.955,-0.564,16.555,1.692,62.973,24.458,53.818
102,67.200,-121.0,-150.0,-157.0,-130.0,17.0,20.0,17.0,14.0,-164.0,-156.4,33.8,-157.4,17.2,19.8,31.8,17.8,-0.524,-19.911,18.758,16.489,46.833,28.351,42.673
103,67.300,-121.0,-149.0,-157.0,-129.0,17.0,19.0,17.0,15.0,-164.4,-156.8,-29.4,-157.0,17.2,19.8,28.0,18.2,8.023,3.159,20.092,7.167,66.711,20.513,59.625
104,67.400,-123.0,-149.0,-158.0,-130.0,18.0,19.0,18.0,14.0,-165.2,-157.0,-92.2,-157.2,17.4,20.0,23.0,18.2,-1.773,-10.751,18.463,9.021,54.319,27.322,45.986
105,67.500,-123.0,-150.0,-162.0,-131.0,19.0,18.0,17.0,15.0,-166.0,-157.4,-157.8,-157.4,17.8,20.0,16.4,18.4,-32.844,-106.094,19.513,94.344,39.545,100.281,55.889
106,67.600,-121.0,-150.0,-157.0,-129.0,17.0,18.0,17.0,15.0,-165.8,-157.6,-158.2,-157.8,17.6,19.8,16.2,18.6,-37.119,-117.818,19.461,105.125,49.555,110.844,65.461
107,67.700,-124.0,-150.0,-158.0,-131.0,17.0,18.0,18.0,15.0,-166.4,-157.6,-158.4,-158.0,17.6,19.4,16.4,18.8,-33.329,-109.233,19.570,97.045,41.821,102.794,58.458
108,67.800,-123.0,-150.0,-155.0,-132.0,19.0,18.0,18.0,16.0,-166.8,-157.8,-158.0,-158.6,18.0,19.2,16.6,19.0,-37.869,-121.724,19.383,108.645,52.860,114.179,68.924
109,67.900,-123.0,-150.0,-157.0,-131.0,19.0,20.0,17.0,15.0,-166.8,-158.0,-157.8,-158.8,18.2,19.4,16.4,19.2,-41.278,-130.750,19.213,117.049,61.001,122.474,76.671
110,68.000,-123.0,-152.0,-158.0,-131.0,19.0,19.0,19.0,15.0,-166.8,-158.4,-157.0,-158.8,18.2,19.6,16.8,19.2,-43.060,-134.413,19.017,120.631,64.621,126.076,79.956
111,68.100,-123.0,-150.0,-157.0,-132.0,19.0,19.0,20.0,15.0,-167.2,-158.4,-157.0,-159.4,18.6,19.8,17.4,19.2,-45.034,-140.995,18.989,126.783,70.673,132.075,85.945
112,68.200,-123.0,-151.0,-157.0,-133.0,18.0,20.0,20.0,16.0,-167.0,-158.6,-156.8,-159.8,18.8,20.2,17.8,19.4,-51.569,-158.456,18.720,143.216,86.925,148.346,101.685
113,68.300,-121.0,-152.0,-159.0,-134.0,17.0,19.0,19.0,15.0,-166.6,-159.0,-157.6,-160.2,18.4,20.4,18.0,19.2,-59.531,-182.180,18.623,165.059,108.389,169.917,122.945
114,68.400,-122.0,-152.0,-159.0,-134.0,18.0,19.0,19.0,14.0,-166.4,-159.4,-158.0,-160.8,18.2,20.2,18.4,19.0,-67.473,-206.436,18.452,187.366,130.434,191.989,144.871
115,68.500,-127.0,-153.0,-159.0,-134.0,18.0,19.0,19.0,14.0,-167.2,-159.6,-158.2,-161.4,18.0,20.2,18.4,18.8,-63.192,-198.755,18.407,179.738,122.673,184.240,137.581
116,68.600,-126.0,-153.0,-159.0,-134.0,18.0,19.0,19.0,15.0,-167.8,-160.2,-158.6,-161.8,17.8,20.2,18.2,18.8,-59.542,-192.821,18.503,173.738,116.518,178.101,131.916
117,68.700,-124.0,-153.0,-159.0,-137.0,19.0,19.0,19.0,15.0,-168.0,-160.6,-159.0,-162.6,18.0,20.0,18.0,18.6,-64.851,-212.730,18.200,191.650,134.162,195.747,149.632
118,68.800,-127.0,-153.0,-159.0,-137.0,20.0,19.0,19.0,15.0,-169.2,-160.8,-159.0,-163.2,18.6,20.0,18.0,18.6,-54.463,-186.118,18.512,166.913,109.505,170.988,125.729
119,68.900,-124.0,-153.0,-159.0,-137.0,19.0,19.0,19.0,15.0,-169.6,-161.0,-159.0,-163.8,18.8,20.0,18.0,18.8,-55.051,-190.593,18.288,170.885,113.407,174.828,129.760
120,69.000,-126.0,-153.0,-159.0,-137.0,18.0,19.0,19.0,15.0,-169.4,-161.0,-159.0,-164.4,18.8,20.0,18.0,19.0,-62.339,-214.348,17.605,192.651,135.034,196.419,151.105
121,69.100,-126.0,-153.0,-159.0,-137.0,18.0,19.0,19.0,15.0,-169.4,-161.0,-159.0,-165.0,18.8,20.0,18.0,19.0,-66.319,-228.544,17.025,205.549,147.837,209.193,163.849
122,69.200,-126.0,-154.0,-160.0,-137.0,18.0,19.0,18.0,15.0,-169.8,-161.2,-159.2,-165.0,18.6,20.0,17.8,19.0,-62.610,-219.133,17.272,196.634,138.862,200.251,155.152
123,69.300,-126.0,-155.0,-160.0,-140.0,18.0,19.0,19.0,14.0,-169.6,-161.6,-159.4,-165.6,18.2,20.0,17.8,18.8,-69.358,-243.880,16.509,218.897,160.920,222.313,177.142
124,69.400,-126.0,-155.0,-160.0,-140.0,18.0,19.0,18.0,14.0,-170.0,-162.0,-159.6,-166.2,18.0,20.0,17.6,18.6,-68.295,-245.580,16.236,219.912,161.775,223.177,178.288
125,69.500,-127.0,-158.0,-160.0,-140.0,18.0,19.0,19.0,14.0,-170.2,-163.0,-159.8,-166.8,18.0,20.0,17.6,18.4,-68.845,-253.911,16.024,226.998,168.710,230.056,185.492
126,69.600,-127.0,-156.0,-161.0,-140.0,19.0,19.0,19.0,14.0,-170.4,-163.6,-160.2,-167.4,18.2,20.0,17.6,18.2,-69.602,-263.075,15.866,234.899,176.490,237.754,193.510
127,69.700,-130.0,-158.0,-163.0,-140.0,19.0,19.0,19.0,14.0,-171.2,-164.4,-160.8,-168.0,18.4,20.0,17.8,18.0,-63.787,-252.581,16.456,224.823,166.308,227.462,183.913
128,69.800,-130.0,-158.0,-163.0,-140.0,19.0,19.0,19.0,14.0,-172.0,-165.0,-161.4,-168.0,18.6,20.0,17.8,18.0,-56.164,-231.160,17.470,205.120,146.578,207.678,164.766
129,69.900,-130.0,-158.0,-161.0,-141.0,19.0,18.0,20.0,13.0,-172.8,-165.6,-161.6,-168.2,18.8,19.8,18.2,17.8,-47.623,-203.502,18.313,179.974,121.485,182.550,140.359
130,70.000,-130.0,-158.0,-161.0,-141.0,19.0,19.0,20.0,14.0,-173.4,-165.6,-161.8,-168.4,19.0,19.8,18.4,17.8,-43.193,-188.925,18.693,166.787,108.369,169.383,127.678
131,70.100,-130.0,-158.0,-163.0,-141.0,19.0,19.0,19.0,14.0,-174.0,-166.0,-162.2,-168.6,19.0,19.8,18.4,17.8,-39.560,-178.632,19.025,157.317,98.886,159.864,118.715
132,70.200,-130.0,-159.0,-163.0,-143.0,19.0,19.0,19.0,14.0,-174.0,-166.2,-162.2,-169.2,19.0,19.8,18.4,17.8,-42.269,-192.234,18.595,169.427,110.873,171.785,130.554
133,70.300,-130.0,-159.0,-163.0,-143.0,19.0,19.0,19.0,14.0,-174.0,-166.4,-162.2,-169.8,19.0,19.8,18.4,17.8,-44.612,-204.675,18.130,180.481,121.828,182.671,141.423
134,70.400,-130.0,-159.0,-163.0,-143.0,20.0,19.0,19.0,14.0,-174.0,-166.6,-162.6,-170.2,19.2,20.0,18.2,18.0,-47.114,-219.240,17.809,193.450,134.722,195.442,154.266
135,70.500,-130.0,-159.0,-166.0,-145.0,19.0,19.0,20.0,15.0,-174.0,-166.8,-163.6,-171.0,19.2,20.0,18.2,18.2,-52.095,-250.514,17.242,221.141,162.244,222.749,181.780
136,70.600,-131.0,-160.0,-165.0,-146.0,18.0,18.0,18.0,14.0,-174.2,-167.2,-164.0,-172.0,19.0,19.8,18.0,18.2,-54.195,-270.017,16.367,238.045,178.972,239.370,198.686
137,70.700,-133.0,-160.0,-165.0,-146.0,20.0,18.0,18.0,14.0,-174.8,-167.4,-164.4,-172.6,19.2,19.6,17.8,18.2,-50.499,-261.326,16.578,229.921,170.781,231.117,190.895
138,70.800,-133.0,-160.0,-166.0,-147.0,20.0,19.0,19.0,15.0,-175.4,-167.6,-165.0,-173.4,19.4,19.6,17.8,18.4,-47.926,-260.053,16.583,228.519,169.341,229.508,189.836
139,70.900,-133.0,-160.0,-166.0,-147.0,20.0,19.0,19.0,15.0,-176.0,-167.8,-165.6,-174.2,19.4,19.6,17.8,18.6,-45.573,-259.868,16.503,228.044,168.811,228.819,189.685
140,71.000,-133.0,-161.0,-166.0,-147.0,20.0,20.0,19.0,15.0,-176.6,-168.2,-165.6,-174.6,19.6,19.8,17.6,18.6,-41.996,-247.175,16.690,216.618,157.388,217.339,178.618
141,71.100,-133.0,-161.0,-167.0,-147.0,20.0,20.0,20.0,15.0,-177.0,-168.4,-166.0,-174.8,20.0,20.2,18.0,18.8,-40.008,-242.516,17.130,212.663,153.543,213.294,174.979
142,71.200,-131.0,-161.0,-168.0,-148.0,19.0,20.0,20.0,14.0,-176.6,-168.6,-166.6,-175.2,19.8,20.6,18.4,18.8,-44.259,-273.217,16.306,239.978,180.825,240.357,202.060
143,71.300,-135.0,-163.0,-168.0,-149.0,20.0,19.0,20.0,14.0,-177.0,-169.2,-167.0,-175.6,19.8,20.6,18.6,18.6,-42.377,-273.458,16.520,239.936,180.740,240.143,202.267
144,71.400,-137.0,-163.0,-168.0,-149.0,19.0,20.0,20.0,14.0,-177.8,-169.8,-167.4,-176.0,19.6,20.8,18.8,18.4,-38.330,-262.142,16.992,229.585,170.355,229.641,192.357
145,71.500,-137.0,-163.0,-168.0,-149.0,19.0,19.0,20.0,14.0,-178.6,-170.2,-167.8,-176.4,19.4,20.6,19.0,18.2,-34.125,-246.787,17.622,215.640,156.364,215.596,178.886
146,71.600,-137.0,-163.0,-170.0,-152.0,19.0,19.0,19.0,15.0,-179.4,-170.6,-168.4,-177.4,19.2,20.4,18.8,18.2,-31.125,-244.421,17.518,213.084,153.702,212.787,176.743
147,71.700,-137.0,-164.0,-171.0,-152.0,19.0,19.0,20.0,14.0,-180.6,-171.2,-169.0,-178.2,19.2,20.2,18.8,18.2,-26.197,-227.456,18.130,197.781,138.377,197.305,162.181
148,71.800,-137.0,-164.0,-172.0,-152.0,19.0,19.0,19.0,14.0,-181.0,-171.4,-169.8,-178.8,19.0,20.2,18.6,18.2,-24.897,-232.446,18.101,201.889,142.403,201.177,166.492
149,71.900,-137.0,-164.0,-172.0,-152.0,19.0,19.0,19.0,15.0,-181.0,-171.6,-170.6,-179.4,19.0,20.0,18.4,18.4,-24.870,-247.395,17.815,214.842,155.289,213.865,179.446
150,72.000,-139.0,-166.0,-171.0,-152.0,20.0,20.0,20.0,14.0,-181.4,-172.2,-171.2,-180.0,19.2,20.2,18.4,18.4,-23.237,-252.453,17.811,219.208,159.668,217.990,184.087
151,72.100,-140.0,-166.0,-172.0,-152.0,19.0,20.0,20.0,14.0,-182.0,-172.8,-171.6,-180.0,19.2,20.4,18.6,18.2,-20.953,-243.226,18.494,211.034,151.523,209.729,176.300
152,72.200,-140.0,-166.0,-173.0,-152.0,19.0,19.0,19.0,15.0,-182.6,-173.2,-172.0,-180.0,19.2,20.4,18.4,18.4,-18.907,-233.201,19.054,202.130,142.632,200.768,167.771
153,72.300,-140.0,-166.0,-173.0,-154.0,20.0,19.0,19.0,15.0,-183.2,-173.6,-172.2,-180.4,19.4,20.4,18.4,18.6,-16.977,-224.970,19.289,194.910,135.471,193.471,160.958
154,72.400,-142.0,-167.0,-177.0,-154.0,19.0,20.0,19.0,15.0,-184.2,-174.2,-173.2,-180.8,19.4,20.6,18.4,18.6,-13.592,-210.497,20.099,182.090,122.713,180.500,148.918
155,72.500,-142.0,-168.0,-177.0,-154.0,19.0,19.0,19.0,15.0,-184.8,-174.6,-174.4,-181.2,19.2,20.4,18.2,18.8,-11.204,-204.537,20.693,176.668,117.280,174.887,144.040
156,72.600,-142.0,-168.0,-176.0,-156.0,19.0,19.0,19.0,14.0,-185.2,-175.0,-175.2,-182.0,19.2,20.2,18.0,18.8,-9.497,-208.822,20.728,180.263,120.844,178.209,147.901
157,72.700,-142.0,-168.0,-177.0,-156.0,19.0,20.0,19.0,14.0,-185.6,-175.4,-176.0,-182.8,19.2,20.4,18.0,18.6,-7.700,-213.662,20.740,184.426,125.018,182.093,152.344
158,72.800,-142.0,-170.0,-177.0,-158.0,19.0,19.0,19.0,15.0,-186.0,-176.2,-176.8,-183.6,19.0,20.4,18.0,18.6,-5.604,-226.374,20.608,195.440,136.018,192.720,163.533
159,72.900,-142.0,-170.0,-177.0,-158.0,19.0,19.0,19.0,15.0,-186.0,-176.8,-176.8,-184.4,19.0,20.2,18.0,18.6,-4.583,-249.191,19.755,215.340,155.881,212.304,183.249
160,73.000,-144.0,-170.0,-177.0,-158.0,19.0,19.0,19.0,15.0,-186.4,-177.2,-176.8,-185.2,19.0,20.2,18.0,18.6,-3.109,-252.038,19.271,217.817,158.385,214.612,185.933
161,73.100,-144.0,-170.0,-177.0,-158.0,19.0,19.0,19.0,15.0,-186.8,-177.6,-177.0,-185.6,19.0,20.2,18.0,18.8,-1.799,-251.300,19.250,217.213,157.830,213.884,185.570
162,73.200,-144.0,-171.0,-179.0,-160.0,19.0,20.0,20.0,14.0,-187.2,-178.2,-177.4,-186.4,19.0,20.2,18.2,18.8,0.398,-257.442,18.975,222.647,163.326,219.064,191.277
163,73.300,-144.0,-171.0,-179.0,-160.0,19.0,20.0,20.0,14.0,-187.6,-178.4,-177.8,-186.8,19.0,20.4,18.4,18.6,1.695,-252.571,19.201,218.441,159.185,214.759,187.384
164,73.400,-146.0,-171.0,-179.0,-160.0,19.0,20.0,20.0,15.0,-188.4,-178.6,-178.2,-187.2,19.0,20.6,18.6,18.6,2.931,-235.948,19.794,203.996,144.860,200.279,173.521
165,73.500,-146.0,-171.0,179.0,-160.0,20.0,20.0,19.0,15.0,-188.8,-178.8,-107.0,-187.6,19.2,20.8,18.6,18.6,-15.002,-25.911,19.479,24.816,42.399,41.376,29.769
166,73.600,-145.0,-172.0,179.0,-160.0,20.0,20.0,19.0,15.0,-189.0,-179.2,-35.8,-188.0,19.4,21.0,18.6,18.6,-9.663,4.027,24.299,8.700,66.543,34.727,50.208
167,73.700,-147.0,-172.0,179.0,-161.0,20.0,20.0,21.0,15.0,-189.6,-179.4,35.8,-188.2,19.6,21.0,18.8,18.8,-11.063,-44.529,19.636,37.994,26.649,47.002,28.596
168,73.800,-147.0,-173.0,178.0,-164.0,20.0,20.0,19.0,15.0,-190.2,-179.8,107.2,-189.0,19.8,21.0,18.6,19.0,-19.161,7.452,18.641,17.088,70.202,43.090,48.481
169,73.900,-147.0,-173.0,178.0,-164.0,20.0,19.0,19.0,15.0,-190.4,-180.2,178.6,-189.8,20.0,20.8,18.4,19.0,10.458,-222.512,21.071,192.771,134.140,188.295,164.178
170,74.000,-148.0,-175.0,177.0,-164.0,20.0,20.0,20.0,15.0,-190.8,-181.0,178.2,-190.6,20.0,20.8,18.6,19.0,13.287,-232.799,20.751,201.980,143.442,197.180,173.596
171,74.100,-148.0,-175.0,177.0,-165.0,21.0,20.0,20.0,15.0,-191.4,-181.6,177.8,-191.6,20.2,20.8,18.8,19.0,15.497,-232.137,20.619,201.640,143.264,196.606,173.717
172,74.200,-148.0,-175.0,176.0,-167.0,20.0,20.0,20.0,15.0,-191.6,-182.2,177.2,-192.8,20.2,20.8,18.6,19.0,18.940,-243.038,19.985,211.367,153.067,205.985,183.690
173,74.300,-150.0,-176.0,175.0,-167.0,20.0,20.0,19.0,15.0,-192.2,-182.8,176.6,-193.4,20.2,20.8,18.6,19.0,20.990,-241.404,20.177,210.093,151.919,204.498,182.850
174,74.400,-150.0,-176.0,174.0,-167.0,20.0,20.0,20.0,15.0,-192.8,-183.4,175.8,-194.0,20.2,21.0,18.8,19.0,23.323,-240.518,20.468,209.612,151.619,203.779,182.848
175,74.500,-150.0,-176.0,174.0,-167.0,20.0,20.0,20.0,15.0,-193.2,-183.6,175.2,-194.6,20.2,21.0,18.8,19.0,24.275,-234.954,20.703,204.837,146.962,198.884,178.482
176,74.600,-152.0,-177.0,174.0,-168.0,21.0,21.0,20.0,15.0,-194.0,-184.0,174.6,-195.2,20.2,21.2,18.8,19.0,25.018,-224.994,21.108,196.249,138.565,190.174,170.499
177,74.700,-152.0,-178.0,174.0,-168.0,21.0,20.0,20.0,15.0,-194.8,-184.6,174.2,-195.4,20.4,21.2,18.8,19.0,25.289,-215.860,21.665,188.354,130.846,182.203,163.132
178,74.800,-153.0,-178.0,174.0,-168.0,21.0,20.0,20.0,15.0,-195.4,-185.0,174.0,-195.6,20.6,21.2,19.0,19.0,25.106,-207.775,22.039,181.377,124.035,175.205,156.581
179,74.900,-153.0,-179.0,174.0,-171.0,21.0,20.0,20.0,15.0,-196.0,-185.6,174.0,-196.4,20.8,21.2,19.0,19.0,26.552,-207.339,21.795,181.216,124.028,174.873,156.770
180,75.000,-154.0,-179.0,174.0,-170.0,21.0,20.0,20.0,16.0,-196.8,-186.2,174.0,-197.0,21.0,21.2,19.0,19.2,26.984,-201.310,21.840,176.105,119.122,169.672,152.145
181,75.100,-156.0,-179.0,173.0,-170.0,21.0,20.0,20.0,16.0,-197.6,-186.6,173.8,-197.4,21.0,21.0,19.0,19.4,26.489,-191.440,22.180,167.452,110.656,161.006,144.050
182,75.200,-156.0,-179.0,171.0,-171.0,21.0,20.0,21.0,15.0,-198.4,-186.8,173.2,-198.0,21.0,21.0,19.2,19.4,25.922,-180.180,22.638,157.614,101.090,151.154,134.938
183,75.300,-157.0,179.0,170.0,-172.0,20.0,19.0,20.0,15.0,-199.2,-115.4,172.4,-198.8,20.8,20.8,19.2,19.4,6.318,-71.516,24.459,60.633,16.050,58.872,49.854
184,75.400,-158.0,178.0,170.0,-172.0,20.0,20.0,20.0,15.0,-200.2,-44.0,171.6,-199.0,20.6,20.8,19.2,19.4,5.202,-72.002,24.858,61.076,15.878,59.693,49.390
185,75.500,-157.0,177.0,170.0,-172.0,21.0,20.0,20.0,15.0,-200.8,27.2,170.8,-199.4,20.6,20.8,19.2,19.2,6.392,-58.953,23.885,50.485,21.063,49.447,46.198
186,75.600,-157.0,177.0,170.0,-174.0,21.0,20.0,20.0,15.0,-201.0,98.4,170.2,-200.2,20.6,20.8,19.2,19.0,15.437,-82.748,23.504,71.847,25.305,66.821,62.084
187,75.700,-159.0,176.0,169.0,-174.0,21.0,20.0,20.0,15.0,-201.6,169.4,169.8,-200.8,20.6,20.8,19.0,19.0,34.069,-177.041,23.574,155.912,100.385,148.305,135.572
188,75.800,-160.0,176.0,169.0,-174.0,21.0,20.0,20.0,15.0,-202.2,168.8,169.6,-201.2,20.8,21.0,19.0,19.0,34.636,-174.750,23.665,154.108,98.800,146.392,134.152
189,75.900,-159.0,174.0,167.0,-176.0,22.0,20.0,21.0,15.0,-202.4,168.0,169.0,-202.0,21.2,21.0,19.2,19.0,38.547,-183.169,23.496,162.197,107.102,154.109,142.423
190,76.000,-158.0,174.0,167.0,-176.0,20.0,20.0,21.0,15.0,-202.6,167.4,168.4,-202.8,21.0,21.0,19.4,19.0,43.030,-193.174,23.191,171.660,116.702,163.188,152.022
191,76.100,-161.0,174.0,165.0,-176.0,21.0,20.0,20.0,15.0,-203.4,166.8,167.4,-203.2,21.0,21.0,19.4,19.0,42.558,-184.408,23.825,164.048,109.437,155.472,145.135
192,76.200,-162.0,174.0,165.0,-178.0,21.0,20.0,20.0,15.0,-204.0,166.4,166.6,-204.0,21.0,21.0,19.4,19.0,43.026,-179.683,24.039,160.106,105.811,151.377,141.795
193,76.300,-162.0,173.0,165.0,-179.0,21.0,20.0,20.0,16.0,-204.4,165.8,165.8,-205.0,21.0,21.0,19.4,19.2,46.542,-184.230,23.925,164.794,110.776,155.720,146.871
194,76.400,-163.0,170.0,163.0,-179.0,21.0,20.0,20.0,16.0,-205.2,165.0,165.0,-205.6,20.8,21.0,19.2,19.4,48.056,-182.167,24.172,163.339,109.641,154.028,145.997
195,76.500,-163.0,172.0,163.0,-179.0,22.0,20.0,20.0,16.0,-206.2,164.6,164.2,-206.2,21.2,21.0,19.0,19.6,43.618,-163.836,24.850,146.817,93.690,137.657,130.529
196,76.600,-165.0,170.0,163.0,179.0,21.0,20.0,20.0,15.0,-207.0,163.8,163.8,-135.2,21.2,21.0,19.0,19.6,-0.310,1.169,18.104,1.002,64.244,26.608,53.466
197,76.700,-165.0,170.0,160.0,179.0,21.0,20.0,20.0,15.0,-207.6,163.0,162.8,-63.8,21.2,21.0,19.0,19.6,12.394,-53.100,22.464,45.179,24.379,41.628,48.616
198,76.800,-166.0,169.0,160.0,179.0,21.0,20.0,20.0,15.0,-208.4,162.2,161.8,7.8,21.2,21.0,19.0,19.4,-10.240,0.544,24.583,8.529,63.690,34.600,47.619
199,76.900,-166.0,169.0,160.0,177.0,20.0,20.0,20.0,15.0,-209.0,162.0,161.2,79.0,21.0,21.0,19.0,19.2,12.521,-37.007,19.133,33.000,36.402,30.263,49.072
200,77.000,-167.0,167.0,160.0,177.0,20.0,19.0,20.0,15.0,-209.8,161.0,160.6,150.2,20.6,20.8,19.0,19.0,48.737,-153.239,25.592,138.976,87.660,128.775,125.578
201,77.100,-167.0,167.0,159.0,177.0,20.0,19.0,20.0,14.0,-210.2,160.4,159.8,149.8,20.4,20.6,19.0,18.8,49.506,-151.827,25.805,137.923,86.870,127.559,124.953
202,77.200,-169.0,166.0,159.0,175.0,20.0,20.0,20.0,14.0,-211.0,159.6,159.6,149.0,20.2,20.6,19.0,18.6,52.387,-154.580,25.647,140.971,90.173,130.286,128.357
203,77.300,-170.0,165.0,161.0,175.0,19.0,20.0,19.0,14.0,-211.8,158.8,159.8,148.2,19.8,20.6,18.8,18.4,55.994,-159.303,25.261,145.806,95.143,134.782,133.412
204,77.400,-169.0,165.0,159.0,173.0,20.0,20.0,20.0,13.0,-212.4,158.0,159.6,147.4,19.8,20.6,18.8,18.0,59.045,-162.299,25.034,149.134,98.713,137.811,137.069
205,77.500,-170.0,165.0,159.0,173.0,21.0,20.0,20.0,13.0,-213.0,157.6,159.4,146.6,20.0,20.8,18.8,17.6,58.619,-158.474,24.981,145.865,95.794,134.458,134.283
206,77.600,-169.0,164.0,156.0,173.0,20.0,21.0,20.0,13.0,-213.4,157.0,158.8,145.8,20.0,21.2,18.8,17.4,61.759,-161.364,24.832,149.242,99.476,137.537,138.016
207,77.700,-171.0,163.0,156.0,173.0,20.0,21.0,20.0,13.0,-213.8,156.4,158.2,145.4,20.0,21.4,18.8,17.2,63.611,-162.202,24.914,150.518,101.018,138.610,139.627
208,77.800,-172.0,163.0,156.0,173.0,19.0,21.0,20.0,14.0,-214.2,156.0,157.2,145.0,20.0,21.6,19.0,17.2,63.794,-159.427,25.263,148.386,99.292,136.352,137.987
209,77.900,-171.0,163.0,155.0,171.0,20.0,20.0,20.0,14.0,-214.6,155.6,156.4,144.6,20.0,21.6,19.0,17.4,63.996,-157.093,25.531,146.600,97.864,134.450,136.636
210,78.000,-173.0,163.0,155.0,170.0,20.0,20.0,19.0,15.0,-215.2,155.2,155.6,144.0,19.8,21.6,18.8,17.8,63.348,-152.736,25.783,142.859,94.578,130.613,133.468
211,78.100,-173.0,162.0,155.0,168.0,19.0,21.0,19.0,14.0,-216.0,154.8,155.4,143.0,19.6,21.6,18.6,18.0,62.747,-148.597,25.697,139.290,91.465,126.943,130.472
212,78.200,-174.0,161.0,153.0,168.0,19.0,21.0,20.0,14.0,-216.6,154.4,154.8,142.0,19.4,21.6,18.6,18.2,62.920,-145.708,25.693,137.037,89.704,124.539,128.799
213,78.300,-174.0,161.0,153.0,168.0,19.0,21.0,20.0,14.0,-217.0,154.0,154.2,141.0,19.4,21.6,18.6,18.2,64.110,-144.880,25.606,136.812,89.893,124.116,129.047
214,78.400,-173.0,160.0,151.0,168.0,19.0,20.0,19.0,14.0,-217.4,153.4,153.4,140.4,19.2,21.6,18.4,18.2,65.919,-145.173,25.682,137.649,91.070,124.718,130.301
215,78.500,-176.0,159.0,153.0,166.0,19.0,21.0,20.0,13.0,-218.0,152.6,153.0,139.6,19.0,21.8,18.6,17.8,69.163,-147.486,25.496,140.662,94.424,127.417,133.712
216,78.600,-176.0,158.0,151.0,166.0,19.0,21.0,20.0,13.0,-218.6,151.8,152.2,139.2,19.0,21.8,18.8,17.6,70.578,-146.846,25.718,140.705,94.899,127.249,134.236
217,78.700,-177.0,158.0,151.0,166.0,19.0,21.0,20.0,13.0,-219.2,151.2,151.8,138.8,19.0,21.8,18.8,17.4,70.724,-144.888,25.838,139.196,93.752,125.623,133.141
218,78.800,-178.0,157.0,151.0,165.0,19.0,21.0,20.0,14.0,-220.0,150.4,151.4,138.2,19.0,21.8,18.8,17.4,71.498,-143.299,25.911,138.270,93.298,124.519,132.725
219,78.900,-178.0,157.0,151.0,164.0,18.0,21.0,18.0,12.0,-221.0,149.8,151.4,137.4,18.8,22.0,18.6,17.0,69.446,-137.717,25.889,133.001,88.559,119.214,128.064
220,79.000,-178.0,157.0,151.0,163.0,18.0,21.0,18.0,13.0,-221.4,149.4,151.0,136.8,18.6,22.0,18.2,17.0,70.118,-136.868,25.861,132.529,88.382,118.597,127.943
221,79.100,-179.0,157.0,148.0,162.0,19.0,21.0,20.0,12.0,-222.0,149.2,150.4,136.0,18.6,22.0,18.2,16.8,67.113,-130.332,26.048,126.221,82.697,112.331,122.269
222,79.200,-179.0,155.0,149.0,160.0,18.0,20.0,20.0,13.0,-222.4,148.6,150.0,134.8,18.4,21.8,18.2,16.8,70.149,-132.063,25.739,128.773,85.628,114.562,125.240
223,79.300,-179.0,154.0,146.0,160.0,18.0,20.0,20.0,13.0,-222.6,148.0,149.0,133.8,18.2,21.6,18.2,16.6,73.196,-133.515,25.635,131.098,88.366,116.560,128.030
224,79.400,-180.0,154.0,145.0,160.0,18.0,18.0,20.0,13.0,-223.0,147.4,147.8,133.0,18.2,21.0,18.6,16.8,73.810,-131.513,25.875,129.877,87.771,115.148,127.415
225,79.500,179.0,154.0,145.0,160.0,19.0,19.0,20.0,13.0,-151.6,146.8,146.6,132.4,18.4,20.6,19.0,16.8,-8.618,-37.866,26.861,32.205,31.924,41.916,31.215
226,79.600,179.0,153.0,144.0,160.0,19.0,20.0,21.0,13.0,-80.0,146.0,145.8,132.0,18.4,20.4,19.2,17.0,-16.006,-17.926,29.100,19.935,49.051,40.076,33.094
227,79.700,179.0,154.0,143.0,159.0,19.0,19.0,21.0,15.0,-8.4,145.8,144.6,131.8,18.6,20.2,19.4,17.4,2.208,-47.817,26.422,39.627,24.423,41.738,39.710
228,79.800,178.0,151.0,145.0,159.0,18.0,19.0,19.0,12.0,63.0,145.2,144.4,131.6,18.6,20.0,19.2,17.2,-21.869,-19.515,27.414,24.327,48.874,45.125,28.693
229,79.900,178.0,151.0,145.0,157.0,19.0,19.0,20.0,14.0,134.6,144.6,144.4,131.0,18.8,20.2,19.2,17.4,72.812,-121.323,26.865,121.989,82.306,106.788,121.701
